time,channel1,channel2,channel3,channel4,channel5,channel6,channel7,channel8,class
31510.0,0.0,0.0,5e-05,3e-05,-1e-05,0.0,0.0,2e-05,1.0
31511.0,0.0,0.0,5e-05,3e-05,-1e-05,0.0,0.0,2e-05,1.0
31512.0,0.0,0.0,5e-05,3e-05,-1e-05,0.0,0.0,2e-05,1.0
31513.0,0.0,0.0,5e-05,3e-05,-1e-05,0.0,0.0,2e-05,1.0
31514.0,0.0,0.0,5e-05,3e-05,-1e-05,0.0,0.0,2e-05,1.0
31515.0,0.0,0.0,5e-05,3e-05,-1e-05,0.0,0.0,2e-05,1.0
31516.0,0.0,0.0,5e-05,3e-05,-1e-05,0.0,0.0,2e-05,1.0
31517.0,0.0,0.0,5e-05,3e-05,-1e-05,0.0,0.0,2e-05,1.0
31518.0,0.0,0.0,5e-05,3e-05,-1e-05,0.0,0.0,2e-05,1.0
31519.0,0.0,0.0,5e-05,3e-05,-1e-05,0.0,0.0,2e-05,1.0
31520.0,0.0,0.0,5e-05,3e-05,-1e-05,0.0,0.0,2e-05,1.0
31521.0,0.0,0.0,5e-05,3e-05,-1e-05,0.0,0.0,2e-05,1.0
31522.0,0.0,0.0,5e-05,3e-05,-1e-05,0.0,0.0,2e-05,1.0
31523.0,0.0,0.0,5e-05,3e-05,-1e-05,0.0,0.0,2e-05,1.0
31524.0,0.0,0.0,5e-05,3e-05,-1e-05,0.0,0.0,2e-05,1.0
31525.0,0.0,0.0,5e-05,3e-05,-1e-05,0.0,0.0,2e-05,1.0
31526.0,0.0,0.0,5e-05,3e-05,-1e-05,0.0,0.0,2e-05,1.0
31527.0,0.0,0.0,5e-05,3e-05,-1e-05,0.0,0.0,2e-05,1.0
31528.0,0.0,0.0,5e-05,3e-05,-1e-05,0.0,0.0,2e-05,1.0
31529.0,0.0,0.0,5e-05,3e-05,-1e-05,0.0,0.0,2e-05,1.0
31530.0,0.0,0.0,5e-05,3e-05,-1e-05,0.0,0.0,2e-05,1.0
31531.0,0.0,0.0,5e-05,3e-05,-1e-05,0.0,0.0,2e-05,1.0
31532.0,1e-05,3e-05,-0.00014,-1e-05,1e-05,-1e-05,0.0,0.0,1.0
31533.0,-1e-05,0.0,-4e-05,-4e-05,-3e-05,1e-05,-2e-05,-4e-05,1.0
31534.0,-2e-05,-6e-05,-0.00011,-5e-05,0.0,-3e-05,-3e-05,-2e-05,1.0
31535.0,-2e-05,-6e-05,-0.00011,-5e-05,0.0,-3e-05,-3e-05,-2e-05,1.0
31537.0,-2e-05,-6e-05,-0.00011,-5e-05,0.0,-3e-05,-3e-05,-2e-05,1.0
31540.0,-2e-05,-6e-05,-0.00011,-5e-05,0.0,-3e-05,-3e-05,-2e-05,1.0
31541.0,-2e-05,-6e-05,-0.00011,-5e-05,0.0,-3e-05,-3e-05,-2e-05,1.0
31542.0,-2e-05,-6e-05,-0.00011,-5e-05,0.0,-3e-05,-3e-05,-2e-05,1.0
31543.0,-2e-05,-6e-05,-0.00011,-5e-05,0.0,-3e-05,-3e-05,-2e-05,1.0
31544.0,-2e-05,-6e-05,-0.00011,-5e-05,0.0,-3e-05,-3e-05,-2e-05,1.0
31545.0,-2e-05,-6e-05,-0.00011,-5e-05,0.0,-3e-05,-3e-05,-2e-05,1.0
31546.0,-2e-05,-6e-05,-0.00011,-5e-05,0.0,-3e-05,-3e-05,-2e-05,1.0
31547.0,-2e-05,-6e-05,-0.00011,-5e-05,0.0,-3e-05,-3e-05,-2e-05,1.0
31548.0,-2e-05,-6e-05,-0.00011,-5e-05,0.0,-3e-05,-3e-05,-2e-05,1.0
31549.0,-2e-05,-6e-05,-0.00011,-5e-05,0.0,-3e-05,-3e-05,-2e-05,1.0
31550.0,-2e-05,-6e-05,-0.00011,-5e-05,0.0,-3e-05,-3e-05,-2e-05,1.0
31551.0,-2e-05,-6e-05,-0.00011,-5e-05,0.0,-3e-05,-3e-05,-2e-05,1.0
31552.0,-2e-05,-6e-05,-0.00011,-5e-05,0.0,-3e-05,-3e-05,-2e-05,1.0
31553.0,-2e-05,-6e-05,-0.00011,-5e-05,0.0,-3e-05,-3e-05,-2e-05,1.0
31554.0,-2e-05,-6e-05,-0.00011,-5e-05,0.0,-3e-05,-3e-05,-2e-05,1.0
31555.0,-2e-05,-6e-05,-0.00011,-5e-05,0.0,-3e-05,-3e-05,-2e-05,1.0
31556.0,-2e-05,-6e-05,-0.00011,-5e-05,0.0,-3e-05,-3e-05,-2e-05,1.0
31557.0,-2e-05,-6e-05,-0.00011,-5e-05,0.0,-3e-05,-3e-05,-2e-05,1.0
31558.0,-2e-05,-6e-05,-0.00011,-5e-05,0.0,-3e-05,-3e-05,-2e-05,1.0
31559.0,-2e-05,-6e-05,-0.00011,-5e-05,0.0,-3e-05,-3e-05,-2e-05,1.0
31560.0,-2e-05,-6e-05,-0.00011,-5e-05,0.0,-3e-05,-3e-05,-2e-05,1.0
31561.0,-1e-05,4e-05,6e-05,1e-05,-1e-05,-1e-05,0.0,-1e-05,1.0
31562.0,-1e-05,4e-05,6e-05,1e-05,-1e-05,-1e-05,0.0,-1e-05,1.0
31563.0,-1e-05,4e-05,6e-05,1e-05,-1e-05,-1e-05,0.0,-1e-05,1.0
31564.0,-1e-05,4e-05,6e-05,1e-05,-1e-05,-1e-05,0.0,-1e-05,1.0
31565.0,-1e-05,4e-05,6e-05,1e-05,-1e-05,-1e-05,0.0,-1e-05,1.0
31566.0,-1e-05,4e-05,6e-05,1e-05,-1e-05,-1e-05,0.0,-1e-05,1.0
31567.0,-1e-05,4e-05,6e-05,1e-05,-1e-05,-1e-05,0.0,-1e-05,1.0
31568.0,-1e-05,4e-05,6e-05,1e-05,-1e-05,-1e-05,0.0,-1e-05,1.0
31569.0,-1e-05,4e-05,6e-05,1e-05,-1e-05,-1e-05,0.0,-1e-05,1.0
31570.0,-1e-05,4e-05,6e-05,1e-05,-1e-05,-1e-05,0.0,-1e-05,1.0
31571.0,-1e-05,4e-05,6e-05,1e-05,-1e-05,-1e-05,0.0,-1e-05,1.0
31572.0,-1e-05,4e-05,6e-05,1e-05,-1e-05,-1e-05,0.0,-1e-05,1.0
31573.0,-1e-05,4e-05,6e-05,1e-05,-1e-05,-1e-05,0.0,-1e-05,1.0
31574.0,-1e-05,4e-05,6e-05,1e-05,-1e-05,-1e-05,0.0,-1e-05,1.0
31575.0,-1e-05,4e-05,6e-05,1e-05,-1e-05,-1e-05,0.0,-1e-05,1.0
31576.0,-1e-05,-2e-05,-3e-05,1e-05,1e-05,-1e-05,-1e-05,0.0,1.0
31577.0,-1e-05,0.0,1e-05,-1e-05,-1e-05,0.0,-1e-05,-3e-05,1.0
31578.0,-1e-05,0.0,1e-05,-1e-05,-1e-05,0.0,-1e-05,-3e-05,1.0
31579.0,-1e-05,0.0,1e-05,-1e-05,-1e-05,0.0,-1e-05,-3e-05,1.0
31580.0,-1e-05,0.0,1e-05,-1e-05,-1e-05,0.0,-1e-05,-3e-05,1.0
31581.0,-1e-05,0.0,1e-05,-1e-05,-1e-05,0.0,-1e-05,-3e-05,1.0
31582.0,-1e-05,0.0,1e-05,-1e-05,-1e-05,0.0,-1e-05,-3e-05,1.0
31583.0,-1e-05,0.0,1e-05,-1e-05,-1e-05,0.0,-1e-05,-3e-05,1.0
31584.0,-1e-05,0.0,1e-05,-1e-05,-1e-05,0.0,-1e-05,-3e-05,1.0
31585.0,-1e-05,0.0,1e-05,-1e-05,-1e-05,0.0,-1e-05,-3e-05,1.0
31586.0,-1e-05,0.0,1e-05,-1e-05,-1e-05,0.0,-1e-05,-3e-05,1.0
31589.0,-1e-05,0.0,1e-05,-1e-05,-1e-05,0.0,-1e-05,-3e-05,1.0
31590.0,-1e-05,0.0,1e-05,-1e-05,-1e-05,0.0,-1e-05,-3e-05,1.0
31591.0,-1e-05,0.0,1e-05,-1e-05,-1e-05,0.0,-1e-05,-3e-05,1.0
31592.0,-1e-05,0.0,1e-05,-1e-05,-1e-05,0.0,-1e-05,-3e-05,1.0
31593.0,-1e-05,0.0,1e-05,-1e-05,-1e-05,0.0,-1e-05,-3e-05,1.0
31594.0,-1e-05,0.0,1e-05,-1e-05,-1e-05,0.0,-1e-05,-3e-05,1.0
31595.0,-1e-05,0.0,1e-05,-1e-05,-1e-05,0.0,-1e-05,-3e-05,1.0
31596.0,-1e-05,0.0,1e-05,-1e-05,-1e-05,0.0,-1e-05,-3e-05,1.0
31597.0,-1e-05,0.0,1e-05,-1e-05,-1e-05,0.0,-1e-05,-3e-05,1.0
31598.0,-2e-05,-1e-05,-7e-05,-5e-05,0.0,0.0,-3e-05,-2e-05,1.0
31599.0,0.0,-1e-05,3e-05,2e-05,1e-05,-2e-05,0.0,-1e-05,1.0
31600.0,0.0,-1e-05,3e-05,2e-05,1e-05,-2e-05,0.0,-1e-05,1.0
31601.0,0.0,-1e-05,3e-05,2e-05,1e-05,-2e-05,0.0,-1e-05,1.0
31602.0,0.0,-1e-05,3e-05,2e-05,1e-05,-2e-05,0.0,-1e-05,1.0
31603.0,0.0,-1e-05,3e-05,2e-05,1e-05,-2e-05,0.0,-1e-05,1.0
31604.0,0.0,-1e-05,3e-05,2e-05,1e-05,-2e-05,0.0,-1e-05,1.0
31605.0,0.0,-1e-05,3e-05,2e-05,1e-05,-2e-05,0.0,-1e-05,1.0
31606.0,0.0,-1e-05,3e-05,2e-05,1e-05,-2e-05,0.0,-1e-05,1.0
31607.0,0.0,-1e-05,3e-05,2e-05,1e-05,-2e-05,0.0,-1e-05,1.0
31608.0,0.0,-1e-05,3e-05,2e-05,1e-05,-2e-05,0.0,-1e-05,1.0
31609.0,0.0,-1e-05,3e-05,2e-05,1e-05,-2e-05,0.0,-1e-05,1.0
31610.0,0.0,-1e-05,3e-05,2e-05,1e-05,-2e-05,0.0,-1e-05,1.0
31611.0,0.0,-1e-05,3e-05,2e-05,1e-05,-2e-05,0.0,-1e-05,1.0
31612.0,1e-05,2e-05,3e-05,2e-05,-2e-05,-1e-05,0.0,0.0,1.0
31614.0,-2e-05,-3e-05,1e-05,-4e-05,-1e-05,-1e-05,-1e-05,-2e-05,1.0
31615.0,-2e-05,-3e-05,1e-05,-4e-05,-1e-05,-1e-05,-1e-05,-2e-05,1.0
31616.0,-2e-05,-3e-05,1e-05,-4e-05,-1e-05,-1e-05,-1e-05,-2e-05,1.0
31617.0,-2e-05,-3e-05,1e-05,-4e-05,-1e-05,-1e-05,-1e-05,-2e-05,1.0
31618.0,-2e-05,-3e-05,1e-05,-4e-05,-1e-05,-1e-05,-1e-05,-2e-05,1.0
31619.0,-2e-05,-3e-05,1e-05,-4e-05,-1e-05,-1e-05,-1e-05,-2e-05,1.0
31620.0,-2e-05,-3e-05,1e-05,-4e-05,-1e-05,-1e-05,-1e-05,-2e-05,1.0
31621.0,-2e-05,-3e-05,1e-05,-4e-05,-1e-05,-1e-05,-1e-05,-2e-05,1.0
31622.0,-2e-05,-3e-05,1e-05,-4e-05,-1e-05,-1e-05,-1e-05,-2e-05,1.0
31623.0,-2e-05,-3e-05,1e-05,-4e-05,-1e-05,-1e-05,-1e-05,-2e-05,1.0
31624.0,-2e-05,-3e-05,1e-05,-4e-05,-1e-05,-1e-05,-1e-05,-2e-05,1.0
31625.0,-2e-05,-3e-05,1e-05,-4e-05,-1e-05,-1e-05,-1e-05,-2e-05,1.0
31626.0,-2e-05,-3e-05,1e-05,-4e-05,-1e-05,-1e-05,-1e-05,-2e-05,1.0
31627.0,-2e-05,-3e-05,1e-05,-4e-05,-1e-05,-1e-05,-1e-05,-2e-05,1.0
31628.0,-2e-05,-3e-05,1e-05,-4e-05,-1e-05,-1e-05,-1e-05,-2e-05,1.0
31629.0,-2e-05,-3e-05,1e-05,-4e-05,-1e-05,-1e-05,-1e-05,-2e-05,1.0
31630.0,-2e-05,-3e-05,1e-05,-4e-05,-1e-05,-1e-05,-1e-05,-2e-05,1.0
31631.0,-2e-05,-3e-05,1e-05,-4e-05,-1e-05,-1e-05,-1e-05,-2e-05,1.0
31632.0,-2e-05,-3e-05,1e-05,-4e-05,-1e-05,-1e-05,-1e-05,-2e-05,1.0
31633.0,-2e-05,-3e-05,1e-05,-4e-05,-1e-05,-1e-05,-1e-05,-2e-05,1.0
31634.0,-2e-05,-3e-05,1e-05,-4e-05,-1e-05,-1e-05,-1e-05,-2e-05,1.0
31635.0,-1e-05,-3e-05,-3e-05,-5e-05,-2e-05,-1e-05,0.0,1e-05,1.0
31636.0,1e-05,5e-05,0.0,3e-05,-1e-05,0.0,-1e-05,0.0,1.0
31639.0,1e-05,5e-05,0.0,3e-05,-1e-05,0.0,-1e-05,0.0,1.0
31640.0,1e-05,5e-05,0.0,3e-05,-1e-05,0.0,-1e-05,0.0,1.0
31641.0,1e-05,5e-05,0.0,3e-05,-1e-05,0.0,-1e-05,0.0,1.0
31642.0,1e-05,5e-05,0.0,3e-05,-1e-05,0.0,-1e-05,0.0,1.0
31643.0,1e-05,5e-05,0.0,3e-05,-1e-05,0.0,-1e-05,0.0,1.0
31644.0,1e-05,5e-05,0.0,3e-05,-1e-05,0.0,-1e-05,0.0,1.0
31645.0,1e-05,5e-05,0.0,3e-05,-1e-05,0.0,-1e-05,0.0,1.0
31646.0,1e-05,5e-05,0.0,3e-05,-1e-05,0.0,-1e-05,0.0,1.0
31647.0,1e-05,5e-05,0.0,3e-05,-1e-05,0.0,-1e-05,0.0,1.0
31648.0,1e-05,5e-05,0.0,3e-05,-1e-05,0.0,-1e-05,0.0,1.0
31649.0,1e-05,5e-05,0.0,3e-05,-1e-05,0.0,-1e-05,0.0,1.0
31650.0,1e-05,5e-05,0.0,3e-05,-1e-05,0.0,-1e-05,0.0,1.0
31652.0,-1e-05,1e-05,1e-05,1e-05,0.0,0.0,-2e-05,-2e-05,1.0
31653.0,-1e-05,1e-05,1e-05,1e-05,0.0,0.0,-2e-05,-2e-05,1.0
31654.0,-1e-05,1e-05,1e-05,1e-05,0.0,0.0,-2e-05,-2e-05,1.0
31655.0,-1e-05,1e-05,1e-05,1e-05,0.0,0.0,-2e-05,-2e-05,1.0
31656.0,-1e-05,1e-05,1e-05,1e-05,0.0,0.0,-2e-05,-2e-05,1.0
31657.0,-1e-05,1e-05,1e-05,1e-05,0.0,0.0,-2e-05,-2e-05,1.0
31658.0,-1e-05,1e-05,1e-05,1e-05,0.0,0.0,-2e-05,-2e-05,1.0
31659.0,-1e-05,1e-05,1e-05,1e-05,0.0,0.0,-2e-05,-2e-05,1.0
31660.0,-1e-05,1e-05,1e-05,1e-05,0.0,0.0,-2e-05,-2e-05,1.0
31661.0,-1e-05,1e-05,1e-05,1e-05,0.0,0.0,-2e-05,-2e-05,1.0
31662.0,-1e-05,1e-05,1e-05,1e-05,0.0,0.0,-2e-05,-2e-05,1.0
31663.0,-1e-05,1e-05,1e-05,1e-05,0.0,0.0,-2e-05,-2e-05,1.0
31664.0,-1e-05,1e-05,1e-05,1e-05,0.0,0.0,-2e-05,-2e-05,1.0
31665.0,-1e-05,1e-05,1e-05,1e-05,0.0,0.0,-2e-05,-2e-05,1.0
31666.0,-1e-05,1e-05,1e-05,1e-05,0.0,0.0,-2e-05,-2e-05,1.0
31667.0,-1e-05,1e-05,1e-05,1e-05,0.0,0.0,-2e-05,-2e-05,1.0
31668.0,-1e-05,1e-05,1e-05,1e-05,0.0,0.0,-2e-05,-2e-05,1.0
31669.0,-1e-05,1e-05,1e-05,1e-05,0.0,0.0,-2e-05,-2e-05,1.0
31670.0,-1e-05,1e-05,1e-05,1e-05,0.0,0.0,-2e-05,-2e-05,1.0
31671.0,-1e-05,1e-05,1e-05,1e-05,0.0,0.0,-2e-05,-2e-05,1.0
31672.0,-1e-05,1e-05,1e-05,1e-05,0.0,0.0,-2e-05,-2e-05,1.0
31673.0,-1e-05,1e-05,1e-05,1e-05,0.0,0.0,-2e-05,-2e-05,1.0
31674.0,-1e-05,-1e-05,-2e-05,1e-05,0.0,0.0,-1e-05,-2e-05,1.0
31675.0,-1e-05,-1e-05,-2e-05,1e-05,0.0,0.0,-1e-05,-2e-05,1.0
31676.0,-1e-05,-1e-05,-2e-05,1e-05,0.0,0.0,-1e-05,-2e-05,1.0
31677.0,-1e-05,-1e-05,-2e-05,1e-05,0.0,0.0,-1e-05,-2e-05,1.0
31678.0,-1e-05,-1e-05,-2e-05,1e-05,0.0,0.0,-1e-05,-2e-05,1.0
31679.0,-1e-05,-1e-05,-2e-05,1e-05,0.0,0.0,-1e-05,-2e-05,1.0
31680.0,-1e-05,-1e-05,-2e-05,1e-05,0.0,0.0,-1e-05,-2e-05,1.0
31681.0,-1e-05,-1e-05,-2e-05,1e-05,0.0,0.0,-1e-05,-2e-05,1.0
31682.0,-1e-05,-1e-05,-2e-05,1e-05,0.0,0.0,-1e-05,-2e-05,1.0
31683.0,-1e-05,-1e-05,-2e-05,1e-05,0.0,0.0,-1e-05,-2e-05,1.0
31684.0,-1e-05,-1e-05,-2e-05,1e-05,0.0,0.0,-1e-05,-2e-05,1.0
31685.0,-1e-05,-1e-05,-2e-05,1e-05,0.0,0.0,-1e-05,-2e-05,1.0
31686.0,-1e-05,-1e-05,-2e-05,1e-05,0.0,0.0,-1e-05,-2e-05,1.0
31689.0,-1e-05,0.0,4e-05,4e-05,-1e-05,1e-05,0.0,-1e-05,1.0
31690.0,-2e-05,0.0,1e-05,-2e-05,-2e-05,-2e-05,-1e-05,1e-05,1.0
31691.0,-2e-05,0.0,1e-05,-2e-05,-2e-05,-2e-05,-1e-05,1e-05,1.0
31692.0,-2e-05,0.0,1e-05,-2e-05,-2e-05,-2e-05,-1e-05,1e-05,1.0
31693.0,-2e-05,0.0,1e-05,-2e-05,-2e-05,-2e-05,-1e-05,1e-05,1.0
31694.0,-2e-05,0.0,1e-05,-2e-05,-2e-05,-2e-05,-1e-05,1e-05,1.0
31695.0,-2e-05,0.0,1e-05,-2e-05,-2e-05,-2e-05,-1e-05,1e-05,1.0
31696.0,-2e-05,0.0,1e-05,-2e-05,-2e-05,-2e-05,-1e-05,1e-05,1.0
31697.0,-2e-05,0.0,1e-05,-2e-05,-2e-05,-2e-05,-1e-05,1e-05,1.0
31698.0,-2e-05,0.0,1e-05,-2e-05,-2e-05,-2e-05,-1e-05,1e-05,1.0
31699.0,-2e-05,0.0,1e-05,-2e-05,-2e-05,-2e-05,-1e-05,1e-05,1.0
31700.0,-2e-05,0.0,1e-05,-2e-05,-2e-05,-2e-05,-1e-05,1e-05,1.0
31701.0,-2e-05,0.0,1e-05,-2e-05,-2e-05,-2e-05,-1e-05,1e-05,1.0
31703.0,-2e-05,0.0,1e-05,-2e-05,-2e-05,-2e-05,-1e-05,1e-05,1.0
31704.0,-2e-05,0.0,1e-05,-2e-05,-2e-05,-2e-05,-1e-05,1e-05,1.0
31705.0,-2e-05,0.0,1e-05,-2e-05,-2e-05,-2e-05,-1e-05,1e-05,1.0
31706.0,-2e-05,0.0,1e-05,-2e-05,-2e-05,-2e-05,-1e-05,1e-05,1.0
31707.0,-2e-05,0.0,1e-05,-2e-05,-2e-05,-2e-05,-1e-05,1e-05,1.0
31708.0,-2e-05,0.0,1e-05,-2e-05,-2e-05,-2e-05,-1e-05,1e-05,1.0
31709.0,-2e-05,0.0,1e-05,-2e-05,-2e-05,-2e-05,-1e-05,1e-05,1.0
31710.0,-2e-05,0.0,1e-05,-2e-05,-2e-05,-2e-05,-1e-05,1e-05,1.0
31711.0,-2e-05,0.0,1e-05,-2e-05,-2e-05,-2e-05,-1e-05,1e-05,1.0
31712.0,0.0,-1e-05,-1e-05,0.0,1e-05,-1e-05,-2e-05,-3e-05,1.0
31713.0,-2e-05,-4e-05,-0.0001,-4e-05,-4e-05,0.0,0.0,-2e-05,1.0
31714.0,-2e-05,-4e-05,-0.0001,-4e-05,-4e-05,0.0,0.0,-2e-05,1.0
31715.0,-2e-05,-4e-05,-0.0001,-4e-05,-4e-05,0.0,0.0,-2e-05,1.0
31716.0,-2e-05,-4e-05,-0.0001,-4e-05,-4e-05,0.0,0.0,-2e-05,1.0
31717.0,-2e-05,-4e-05,-0.0001,-4e-05,-4e-05,0.0,0.0,-2e-05,1.0
31718.0,-2e-05,-4e-05,-0.0001,-4e-05,-4e-05,0.0,0.0,-2e-05,1.0
31719.0,-2e-05,-4e-05,-0.0001,-4e-05,-4e-05,0.0,0.0,-2e-05,1.0
31720.0,-2e-05,-4e-05,-0.0001,-4e-05,-4e-05,0.0,0.0,-2e-05,1.0
31721.0,-2e-05,-4e-05,-0.0001,-4e-05,-4e-05,0.0,0.0,-2e-05,1.0
31722.0,-2e-05,-4e-05,-0.0001,-4e-05,-4e-05,0.0,0.0,-2e-05,1.0
31723.0,-2e-05,-4e-05,-0.0001,-4e-05,-4e-05,0.0,0.0,-2e-05,1.0
31724.0,-2e-05,-4e-05,-0.0001,-4e-05,-4e-05,0.0,0.0,-2e-05,1.0
31725.0,-2e-05,-4e-05,-0.0001,-4e-05,-4e-05,0.0,0.0,-2e-05,1.0
31726.0,-1e-05,1e-05,3e-05,1e-05,0.0,-2e-05,-2e-05,0.0,1.0
31727.0,0.0,0.0,-5e-05,-2e-05,-2e-05,-1e-05,1e-05,-2e-05,1.0
31728.0,0.0,0.0,-5e-05,-2e-05,-2e-05,-1e-05,1e-05,-2e-05,1.0
31729.0,0.0,0.0,-5e-05,-2e-05,-2e-05,-1e-05,1e-05,-2e-05,1.0
31730.0,0.0,0.0,-5e-05,-2e-05,-2e-05,-1e-05,1e-05,-2e-05,1.0
31731.0,0.0,0.0,-5e-05,-2e-05,-2e-05,-1e-05,1e-05,-2e-05,1.0
31732.0,0.0,0.0,-5e-05,-2e-05,-2e-05,-1e-05,1e-05,-2e-05,1.0
31733.0,0.0,0.0,-5e-05,-2e-05,-2e-05,-1e-05,1e-05,-2e-05,1.0
31734.0,0.0,0.0,-5e-05,-2e-05,-2e-05,-1e-05,1e-05,-2e-05,1.0
31735.0,0.0,0.0,-5e-05,-2e-05,-2e-05,-1e-05,1e-05,-2e-05,1.0
31736.0,0.0,0.0,-5e-05,-2e-05,-2e-05,-1e-05,1e-05,-2e-05,1.0
31739.0,0.0,0.0,-5e-05,-2e-05,-2e-05,-1e-05,1e-05,-2e-05,1.0
31740.0,0.0,0.0,-5e-05,-2e-05,-2e-05,-1e-05,1e-05,-2e-05,1.0
31741.0,0.0,0.0,-5e-05,-2e-05,-2e-05,-1e-05,1e-05,-2e-05,1.0
31742.0,0.0,0.0,-5e-05,-2e-05,-2e-05,-1e-05,1e-05,-2e-05,1.0
31743.0,0.0,0.0,-5e-05,-2e-05,-2e-05,-1e-05,1e-05,-2e-05,1.0
31744.0,0.0,0.0,-5e-05,-2e-05,-2e-05,-1e-05,1e-05,-2e-05,1.0
31745.0,0.0,0.0,-5e-05,-2e-05,-2e-05,-1e-05,1e-05,-2e-05,1.0
31746.0,0.0,0.0,-5e-05,-2e-05,-2e-05,-1e-05,1e-05,-2e-05,1.0
31747.0,0.0,0.0,-5e-05,-2e-05,-2e-05,-1e-05,1e-05,-2e-05,1.0
31748.0,0.0,0.0,-5e-05,-2e-05,-2e-05,-1e-05,1e-05,-2e-05,1.0
31749.0,-2e-05,-4e-05,-4e-05,-2e-05,0.0,-2e-05,-1e-05,-1e-05,1.0
31750.0,-2e-05,-4e-05,-4e-05,-2e-05,0.0,-2e-05,-1e-05,-1e-05,1.0
31751.0,-2e-05,-4e-05,-4e-05,-2e-05,0.0,-2e-05,-1e-05,-1e-05,1.0
31752.0,-2e-05,-4e-05,-4e-05,-2e-05,0.0,-2e-05,-1e-05,-1e-05,1.0
31753.0,-2e-05,-4e-05,-4e-05,-2e-05,0.0,-2e-05,-1e-05,-1e-05,1.0
31754.0,-2e-05,-4e-05,-4e-05,-2e-05,0.0,-2e-05,-1e-05,-1e-05,1.0
31755.0,0.0,-2e-05,1e-05,1e-05,1e-05,-1e-05,1e-05,1e-05,1.0
31756.0,0.0,-2e-05,1e-05,1e-05,1e-05,-1e-05,1e-05,1e-05,1.0
31757.0,0.0,-2e-05,1e-05,1e-05,1e-05,-1e-05,1e-05,1e-05,1.0
31758.0,0.0,-2e-05,1e-05,1e-05,1e-05,-1e-05,1e-05,1e-05,1.0
31759.0,0.0,-2e-05,1e-05,1e-05,1e-05,-1e-05,1e-05,1e-05,1.0
31760.0,0.0,-2e-05,1e-05,1e-05,1e-05,-1e-05,1e-05,1e-05,1.0
31761.0,0.0,-2e-05,1e-05,1e-05,1e-05,-1e-05,1e-05,1e-05,1.0
31762.0,0.0,-2e-05,1e-05,1e-05,1e-05,-1e-05,1e-05,1e-05,1.0
31763.0,0.0,-2e-05,1e-05,1e-05,1e-05,-1e-05,1e-05,1e-05,1.0
31764.0,0.0,-2e-05,1e-05,1e-05,1e-05,-1e-05,1e-05,1e-05,1.0
31765.0,0.0,-2e-05,1e-05,1e-05,1e-05,-1e-05,1e-05,1e-05,1.0
31766.0,0.0,-2e-05,1e-05,1e-05,1e-05,-1e-05,1e-05,1e-05,1.0
31767.0,0.0,-2e-05,1e-05,1e-05,1e-05,-1e-05,1e-05,1e-05,1.0
31768.0,0.0,-2e-05,1e-05,1e-05,1e-05,-1e-05,1e-05,1e-05,1.0
31769.0,0.0,-2e-05,1e-05,1e-05,1e-05,-1e-05,1e-05,1e-05,1.0
31770.0,0.0,-2e-05,1e-05,1e-05,1e-05,-1e-05,1e-05,1e-05,1.0
31771.0,0.0,-2e-05,1e-05,1e-05,1e-05,-1e-05,1e-05,1e-05,1.0
31772.0,0.0,-2e-05,1e-05,1e-05,1e-05,-1e-05,1e-05,1e-05,1.0
31773.0,0.0,-2e-05,1e-05,1e-05,1e-05,-1e-05,1e-05,1e-05,1.0
31774.0,0.0,-2e-05,1e-05,1e-05,1e-05,-1e-05,1e-05,1e-05,1.0
31775.0,0.0,-2e-05,1e-05,1e-05,1e-05,-1e-05,1e-05,1e-05,1.0
31776.0,0.0,-2e-05,1e-05,1e-05,1e-05,-1e-05,1e-05,1e-05,1.0
31777.0,0.0,-2e-05,1e-05,1e-05,1e-05,-1e-05,1e-05,1e-05,1.0
31778.0,-2e-05,-4e-05,2e-05,-2e-05,-3e-05,-1e-05,0.0,0.0,1.0
31779.0,-1e-05,-4e-05,2e-05,-1e-05,0.0,-1e-05,-3e-05,0.0,1.0
31780.0,-1e-05,-4e-05,2e-05,-1e-05,0.0,-1e-05,-3e-05,0.0,1.0
31781.0,-1e-05,-4e-05,2e-05,-1e-05,0.0,-1e-05,-3e-05,0.0,1.0
31783.0,-1e-05,-4e-05,2e-05,-1e-05,0.0,-1e-05,-3e-05,0.0,1.0
31784.0,-1e-05,-4e-05,2e-05,-1e-05,0.0,-1e-05,-3e-05,0.0,1.0
31785.0,0.0,-2e-05,4e-05,1e-05,-2e-05,0.0,-1e-05,0.0,1.0
31786.0,0.0,-2e-05,4e-05,1e-05,-2e-05,0.0,-1e-05,0.0,1.0
31788.0,0.0,-2e-05,4e-05,1e-05,-2e-05,0.0,-1e-05,0.0,1.0
31790.0,0.0,-2e-05,4e-05,1e-05,-2e-05,0.0,-1e-05,0.0,1.0
31791.0,0.0,-2e-05,4e-05,1e-05,-2e-05,0.0,-1e-05,0.0,1.0
31792.0,0.0,-2e-05,4e-05,1e-05,-2e-05,0.0,-1e-05,0.0,1.0
31793.0,0.0,-2e-05,4e-05,1e-05,-2e-05,0.0,-1e-05,0.0,1.0
31794.0,0.0,-2e-05,4e-05,1e-05,-2e-05,0.0,-1e-05,0.0,1.0
31795.0,0.0,-2e-05,4e-05,1e-05,-2e-05,0.0,-1e-05,0.0,1.0
31796.0,0.0,-2e-05,4e-05,1e-05,-2e-05,0.0,-1e-05,0.0,1.0
31797.0,0.0,-2e-05,4e-05,1e-05,-2e-05,0.0,-1e-05,0.0,1.0
31798.0,0.0,-2e-05,4e-05,1e-05,-2e-05,0.0,-1e-05,0.0,1.0
31799.0,0.0,-2e-05,4e-05,1e-05,-2e-05,0.0,-1e-05,0.0,1.0
31800.0,0.0,-2e-05,4e-05,1e-05,-2e-05,0.0,-1e-05,0.0,1.0
31801.0,0.0,-2e-05,4e-05,1e-05,-2e-05,0.0,-1e-05,0.0,1.0
31802.0,0.0,-2e-05,4e-05,1e-05,-2e-05,0.0,-1e-05,0.0,1.0
31803.0,0.0,-2e-05,4e-05,1e-05,-2e-05,0.0,-1e-05,0.0,1.0
31804.0,0.0,-2e-05,4e-05,1e-05,-2e-05,0.0,-1e-05,0.0,1.0
31805.0,0.0,-2e-05,4e-05,1e-05,-2e-05,0.0,-1e-05,0.0,1.0
31806.0,0.0,-2e-05,4e-05,1e-05,-2e-05,0.0,-1e-05,0.0,1.0
31807.0,0.0,-2e-05,4e-05,1e-05,-2e-05,0.0,-1e-05,0.0,1.0
31808.0,0.0,-2e-05,4e-05,1e-05,-2e-05,0.0,-1e-05,0.0,1.0
31809.0,0.0,-2e-05,4e-05,1e-05,-2e-05,0.0,-1e-05,0.0,1.0
31810.0,0.0,-2e-05,4e-05,1e-05,-2e-05,0.0,-1e-05,0.0,1.0
31811.0,0.0,-2e-05,4e-05,1e-05,-2e-05,0.0,-1e-05,0.0,1.0
31812.0,0.0,-2e-05,4e-05,1e-05,-2e-05,0.0,-1e-05,0.0,1.0
31813.0,0.0,-2e-05,4e-05,1e-05,-2e-05,0.0,-1e-05,0.0,1.0
31814.0,0.0,-2e-05,4e-05,1e-05,-2e-05,0.0,-1e-05,0.0,1.0
31815.0,-1e-05,0.0,-3e-05,-2e-05,-1e-05,-1e-05,1e-05,2e-05,1.0
31816.0,1e-05,-2e-05,4e-05,1e-05,1e-05,-2e-05,0.0,0.0,1.0
31817.0,1e-05,-2e-05,4e-05,1e-05,1e-05,-2e-05,0.0,0.0,1.0
31818.0,1e-05,-2e-05,4e-05,1e-05,1e-05,-2e-05,0.0,0.0,1.0
31819.0,1e-05,-2e-05,4e-05,1e-05,1e-05,-2e-05,0.0,0.0,1.0
31820.0,1e-05,-2e-05,4e-05,1e-05,1e-05,-2e-05,0.0,0.0,1.0
31821.0,1e-05,-2e-05,4e-05,1e-05,1e-05,-2e-05,0.0,0.0,1.0
31822.0,1e-05,-2e-05,4e-05,1e-05,1e-05,-2e-05,0.0,0.0,1.0
31823.0,1e-05,-2e-05,4e-05,1e-05,1e-05,-2e-05,0.0,0.0,1.0
31824.0,1e-05,-2e-05,4e-05,1e-05,1e-05,-2e-05,0.0,0.0,1.0
31825.0,1e-05,-2e-05,4e-05,1e-05,1e-05,-2e-05,0.0,0.0,1.0
31826.0,1e-05,-2e-05,4e-05,1e-05,1e-05,-2e-05,0.0,0.0,1.0
31827.0,1e-05,-2e-05,4e-05,1e-05,1e-05,-2e-05,0.0,0.0,1.0
31828.0,1e-05,-2e-05,4e-05,1e-05,1e-05,-2e-05,0.0,0.0,1.0
31829.0,1e-05,-2e-05,4e-05,1e-05,1e-05,-2e-05,0.0,0.0,1.0
31830.0,1e-05,-2e-05,4e-05,1e-05,1e-05,-2e-05,0.0,0.0,1.0
31831.0,1e-05,2e-05,4e-05,0.0,-1e-05,-1e-05,0.0,0.0,1.0
31832.0,0.0,1e-05,-4e-05,-4e-05,1e-05,0.0,-1e-05,-2e-05,1.0
31833.0,0.0,1e-05,-4e-05,-4e-05,1e-05,0.0,-1e-05,-2e-05,1.0
31834.0,0.0,1e-05,-4e-05,-4e-05,1e-05,0.0,-1e-05,-2e-05,1.0
31835.0,0.0,1e-05,-4e-05,-4e-05,1e-05,0.0,-1e-05,-2e-05,1.0
31836.0,0.0,1e-05,-4e-05,-4e-05,1e-05,0.0,-1e-05,-2e-05,1.0
31839.0,0.0,1e-05,-4e-05,-4e-05,1e-05,0.0,-1e-05,-2e-05,1.0
31840.0,0.0,1e-05,-4e-05,-4e-05,1e-05,0.0,-1e-05,-2e-05,1.0
31841.0,0.0,1e-05,-4e-05,-4e-05,1e-05,0.0,-1e-05,-2e-05,1.0
31842.0,0.0,1e-05,-4e-05,-4e-05,1e-05,0.0,-1e-05,-2e-05,1.0
31843.0,0.0,1e-05,-4e-05,-4e-05,1e-05,0.0,-1e-05,-2e-05,1.0
31844.0,0.0,1e-05,-4e-05,-4e-05,1e-05,0.0,-1e-05,-2e-05,1.0
31845.0,0.0,1e-05,-4e-05,-4e-05,1e-05,0.0,-1e-05,-2e-05,1.0
31846.0,0.0,1e-05,-4e-05,-4e-05,1e-05,0.0,-1e-05,-2e-05,1.0
31847.0,0.0,1e-05,-4e-05,-4e-05,1e-05,0.0,-1e-05,-2e-05,1.0
31848.0,0.0,1e-05,-4e-05,-4e-05,1e-05,0.0,-1e-05,-2e-05,1.0
31849.0,0.0,1e-05,-4e-05,-4e-05,1e-05,0.0,-1e-05,-2e-05,1.0
31850.0,0.0,1e-05,-4e-05,-4e-05,1e-05,0.0,-1e-05,-2e-05,1.0
31851.0,0.0,1e-05,-4e-05,-4e-05,1e-05,0.0,-1e-05,-2e-05,1.0
31852.0,0.0,1e-05,-4e-05,-4e-05,1e-05,0.0,-1e-05,-2e-05,1.0
31853.0,0.0,1e-05,-4e-05,-4e-05,1e-05,0.0,-1e-05,-2e-05,1.0
31854.0,0.0,1e-05,-4e-05,-4e-05,1e-05,0.0,-1e-05,-2e-05,1.0
31855.0,0.0,1e-05,-4e-05,-4e-05,1e-05,0.0,-1e-05,-2e-05,1.0
31856.0,0.0,1e-05,-4e-05,-4e-05,1e-05,0.0,-1e-05,-2e-05,1.0
31857.0,0.0,1e-05,-4e-05,-4e-05,1e-05,0.0,-1e-05,-2e-05,1.0
31858.0,0.0,1e-05,-4e-05,-4e-05,1e-05,0.0,-1e-05,-2e-05,1.0
31859.0,0.0,1e-05,-4e-05,-4e-05,1e-05,0.0,-1e-05,-2e-05,1.0
31860.0,-1e-05,-6e-05,-5e-05,-4e-05,-1e-05,-1e-05,-2e-05,-3e-05,1.0
31861.0,-2e-05,1e-05,-4e-05,0.0,-1e-05,-1e-05,-1e-05,-2e-05,1.0
31862.0,-2e-05,1e-05,-4e-05,0.0,-1e-05,-1e-05,-1e-05,-2e-05,1.0
31863.0,-2e-05,1e-05,-4e-05,0.0,-1e-05,-1e-05,-1e-05,-2e-05,1.0
31864.0,-2e-05,1e-05,-4e-05,0.0,-1e-05,-1e-05,-1e-05,-2e-05,1.0
31865.0,-2e-05,1e-05,-4e-05,0.0,-1e-05,-1e-05,-1e-05,-2e-05,1.0
31866.0,-2e-05,1e-05,-4e-05,0.0,-1e-05,-1e-05,-1e-05,-2e-05,1.0
31867.0,-2e-05,1e-05,-4e-05,0.0,-1e-05,-1e-05,-1e-05,-2e-05,1.0
31868.0,-2e-05,1e-05,-4e-05,0.0,-1e-05,-1e-05,-1e-05,-2e-05,1.0
31869.0,-2e-05,1e-05,-4e-05,0.0,-1e-05,-1e-05,-1e-05,-2e-05,1.0
31870.0,-2e-05,1e-05,-4e-05,0.0,-1e-05,-1e-05,-1e-05,-2e-05,1.0
31871.0,-2e-05,1e-05,-4e-05,0.0,-1e-05,-1e-05,-1e-05,-2e-05,1.0
31872.0,-2e-05,1e-05,-4e-05,0.0,-1e-05,-1e-05,-1e-05,-2e-05,1.0
31873.0,-2e-05,1e-05,-4e-05,0.0,-1e-05,-1e-05,-1e-05,-2e-05,1.0
31874.0,-2e-05,1e-05,-4e-05,0.0,-1e-05,-1e-05,-1e-05,-2e-05,1.0
31875.0,-2e-05,1e-05,-4e-05,0.0,-1e-05,-1e-05,-1e-05,-2e-05,1.0
31876.0,0.0,6e-05,4e-05,2e-05,-1e-05,0.0,0.0,-1e-05,1.0
31877.0,-3e-05,-5e-05,-0.00011,-5e-05,-3e-05,-2e-05,-1e-05,-2e-05,1.0
31878.0,-3e-05,-5e-05,-0.00011,-5e-05,-3e-05,-2e-05,-1e-05,-2e-05,1.0
31879.0,-3e-05,-5e-05,-0.00011,-5e-05,-3e-05,-2e-05,-1e-05,-2e-05,1.0
31880.0,-3e-05,-5e-05,-0.00011,-5e-05,-3e-05,-2e-05,-1e-05,-2e-05,1.0
31881.0,-3e-05,-5e-05,-0.00011,-5e-05,-3e-05,-2e-05,-1e-05,-2e-05,1.0
31882.0,-3e-05,-5e-05,-0.00011,-5e-05,-3e-05,-2e-05,-1e-05,-2e-05,1.0
31883.0,-3e-05,-5e-05,-0.00011,-5e-05,-3e-05,-2e-05,-1e-05,-2e-05,1.0
31884.0,-3e-05,-5e-05,-0.00011,-5e-05,-3e-05,-2e-05,-1e-05,-2e-05,1.0
31885.0,-3e-05,-5e-05,-0.00011,-5e-05,-3e-05,-2e-05,-1e-05,-2e-05,1.0
31886.0,-3e-05,-5e-05,-0.00011,-5e-05,-3e-05,-2e-05,-1e-05,-2e-05,1.0
31888.0,-3e-05,-5e-05,-0.00011,-5e-05,-3e-05,-2e-05,-1e-05,-2e-05,1.0
31890.0,-3e-05,-5e-05,-0.00011,-5e-05,-3e-05,-2e-05,-1e-05,-2e-05,1.0
31891.0,-1e-05,0.0,0.0,0.0,1e-05,-1e-05,-1e-05,-1e-05,1.0
31892.0,-1e-05,1e-05,2e-05,1e-05,-1e-05,0.0,0.0,-1e-05,1.0
31893.0,-2e-05,-1e-05,9e-05,1e-05,-2e-05,0.0,-1e-05,0.0,1.0
31894.0,-2e-05,-1e-05,9e-05,1e-05,-2e-05,0.0,-1e-05,0.0,1.0
31895.0,-2e-05,-1e-05,9e-05,1e-05,-2e-05,0.0,-1e-05,0.0,1.0
31896.0,-2e-05,-1e-05,9e-05,1e-05,-2e-05,0.0,-1e-05,0.0,1.0
31897.0,-2e-05,-1e-05,9e-05,1e-05,-2e-05,0.0,-1e-05,0.0,1.0
31898.0,-2e-05,-1e-05,9e-05,1e-05,-2e-05,0.0,-1e-05,0.0,1.0
31899.0,-2e-05,-1e-05,9e-05,1e-05,-2e-05,0.0,-1e-05,0.0,1.0
31900.0,-2e-05,-1e-05,9e-05,1e-05,-2e-05,0.0,-1e-05,0.0,1.0
31901.0,-2e-05,-1e-05,9e-05,1e-05,-2e-05,0.0,-1e-05,0.0,1.0
31903.0,-2e-05,-1e-05,9e-05,1e-05,-2e-05,0.0,-1e-05,0.0,1.0
31904.0,-2e-05,-1e-05,9e-05,1e-05,-2e-05,0.0,-1e-05,0.0,1.0
31905.0,-2e-05,-1e-05,9e-05,1e-05,-2e-05,0.0,-1e-05,0.0,1.0
31906.0,-2e-05,-1e-05,9e-05,1e-05,-2e-05,0.0,-1e-05,0.0,1.0
31907.0,-2e-05,-1e-05,9e-05,1e-05,-2e-05,0.0,-1e-05,0.0,1.0
31908.0,-2e-05,-1e-05,9e-05,1e-05,-2e-05,0.0,-1e-05,0.0,1.0
31909.0,-2e-05,-1e-05,9e-05,1e-05,-2e-05,0.0,-1e-05,0.0,1.0
31910.0,-2e-05,-1e-05,9e-05,1e-05,-2e-05,0.0,-1e-05,0.0,1.0
31911.0,-2e-05,-1e-05,9e-05,1e-05,-2e-05,0.0,-1e-05,0.0,1.0
31912.0,-2e-05,-1e-05,9e-05,1e-05,-2e-05,0.0,-1e-05,0.0,1.0
31913.0,-2e-05,-5e-05,-9e-05,-6e-05,-3e-05,-2e-05,0.0,-1e-05,1.0
31914.0,-1e-05,-3e-05,-4e-05,0.0,-1e-05,0.0,-2e-05,0.0,1.0
31915.0,-1e-05,-3e-05,-4e-05,0.0,-1e-05,0.0,-2e-05,0.0,1.0
31916.0,-1e-05,-3e-05,-4e-05,0.0,-1e-05,0.0,-2e-05,0.0,1.0
31917.0,-1e-05,-3e-05,-4e-05,0.0,-1e-05,0.0,-2e-05,0.0,1.0
31918.0,-1e-05,-3e-05,-4e-05,0.0,-1e-05,0.0,-2e-05,0.0,1.0
31919.0,-1e-05,-3e-05,-4e-05,0.0,-1e-05,0.0,-2e-05,0.0,1.0
31920.0,-1e-05,-3e-05,-4e-05,0.0,-1e-05,0.0,-2e-05,0.0,1.0
31921.0,-1e-05,-3e-05,-4e-05,0.0,-1e-05,0.0,-2e-05,0.0,1.0
31922.0,-1e-05,-3e-05,-4e-05,0.0,-1e-05,0.0,-2e-05,0.0,1.0
31923.0,-1e-05,-3e-05,-4e-05,0.0,-1e-05,0.0,-2e-05,0.0,1.0
31924.0,-1e-05,-3e-05,-4e-05,0.0,-1e-05,0.0,-2e-05,0.0,1.0
31925.0,-1e-05,-3e-05,-4e-05,0.0,-1e-05,0.0,-2e-05,0.0,1.0
31926.0,-1e-05,-3e-05,-4e-05,0.0,-1e-05,0.0,-2e-05,0.0,1.0
31927.0,-1e-05,0.0,2e-05,1e-05,1e-05,0.0,-1e-05,-2e-05,1.0
31928.0,-1e-05,0.0,2e-05,1e-05,1e-05,0.0,-1e-05,-2e-05,1.0
31929.0,0.0,1e-05,-4e-05,-1e-05,-1e-05,-2e-05,1e-05,0.0,1.0
31930.0,0.0,1e-05,-4e-05,-1e-05,-1e-05,-2e-05,1e-05,0.0,1.0
31931.0,0.0,1e-05,-4e-05,-1e-05,-1e-05,-2e-05,1e-05,0.0,1.0
31933.0,0.0,1e-05,-4e-05,-1e-05,-1e-05,-2e-05,1e-05,0.0,1.0
31934.0,0.0,1e-05,-4e-05,-1e-05,-1e-05,-2e-05,1e-05,0.0,1.0
31935.0,0.0,1e-05,-4e-05,-1e-05,-1e-05,-2e-05,1e-05,0.0,1.0
31936.0,0.0,1e-05,-4e-05,-1e-05,-1e-05,-2e-05,1e-05,0.0,1.0
31938.0,0.0,1e-05,-4e-05,-1e-05,-1e-05,-2e-05,1e-05,0.0,1.0
31939.0,0.0,1e-05,-4e-05,-1e-05,-1e-05,-2e-05,1e-05,0.0,1.0
31940.0,0.0,1e-05,-4e-05,-1e-05,-1e-05,-2e-05,1e-05,0.0,1.0
31941.0,0.0,1e-05,-4e-05,-1e-05,-1e-05,-2e-05,1e-05,0.0,1.0
31942.0,0.0,1e-05,-4e-05,-1e-05,-1e-05,-2e-05,1e-05,0.0,1.0
31943.0,0.0,1e-05,-4e-05,-1e-05,-1e-05,-2e-05,1e-05,0.0,1.0
31944.0,0.0,1e-05,-4e-05,-1e-05,-1e-05,-2e-05,1e-05,0.0,1.0
31945.0,0.0,1e-05,-4e-05,-1e-05,-1e-05,-2e-05,1e-05,0.0,1.0
31946.0,0.0,1e-05,-4e-05,-1e-05,-1e-05,-2e-05,1e-05,0.0,1.0
31947.0,0.0,1e-05,-4e-05,-1e-05,-1e-05,-2e-05,1e-05,0.0,1.0
31948.0,0.0,1e-05,-4e-05,-1e-05,-1e-05,-2e-05,1e-05,0.0,1.0
31949.0,0.0,1e-05,-4e-05,-1e-05,-1e-05,-2e-05,1e-05,0.0,1.0
31950.0,0.0,1e-05,-4e-05,-1e-05,-1e-05,-2e-05,1e-05,0.0,1.0
31951.0,0.0,1e-05,-4e-05,-1e-05,-1e-05,-2e-05,1e-05,0.0,1.0
31952.0,-2e-05,-2e-05,-5e-05,-2e-05,-4e-05,-1e-05,-2e-05,-1e-05,1.0
31953.0,-2e-05,-2e-05,-5e-05,-2e-05,-4e-05,-1e-05,-2e-05,-1e-05,1.0
31954.0,-2e-05,-2e-05,-5e-05,-2e-05,-4e-05,-1e-05,-2e-05,-1e-05,1.0
31955.0,-2e-05,-2e-05,-5e-05,-2e-05,-4e-05,-1e-05,-2e-05,-1e-05,1.0
31956.0,-2e-05,-2e-05,-5e-05,-2e-05,-4e-05,-1e-05,-2e-05,-1e-05,1.0
31957.0,-2e-05,-2e-05,-5e-05,-2e-05,-4e-05,-1e-05,-2e-05,-1e-05,1.0
31958.0,-1e-05,2e-05,4e-05,0.0,1e-05,0.0,-2e-05,-2e-05,1.0
31959.0,-1e-05,2e-05,4e-05,0.0,1e-05,0.0,-2e-05,-2e-05,1.0
31960.0,-1e-05,2e-05,4e-05,0.0,1e-05,0.0,-2e-05,-2e-05,1.0
31961.0,-1e-05,2e-05,4e-05,0.0,1e-05,0.0,-2e-05,-2e-05,1.0
31962.0,-1e-05,2e-05,4e-05,0.0,1e-05,0.0,-2e-05,-2e-05,1.0
31963.0,-1e-05,2e-05,4e-05,0.0,1e-05,0.0,-2e-05,-2e-05,1.0
31964.0,-1e-05,2e-05,4e-05,0.0,1e-05,0.0,-2e-05,-2e-05,1.0
31965.0,-1e-05,2e-05,4e-05,0.0,1e-05,0.0,-2e-05,-2e-05,1.0
31966.0,0.0,-3e-05,1e-05,1e-05,1e-05,-3e-05,-1e-05,1e-05,1.0
31967.0,0.0,-3e-05,1e-05,1e-05,1e-05,-3e-05,-1e-05,1e-05,1.0
31968.0,0.0,-3e-05,1e-05,1e-05,1e-05,-3e-05,-1e-05,1e-05,1.0
31969.0,0.0,-3e-05,1e-05,1e-05,1e-05,-3e-05,-1e-05,1e-05,1.0
31970.0,0.0,-3e-05,1e-05,1e-05,1e-05,-3e-05,-1e-05,1e-05,1.0
31971.0,0.0,-3e-05,1e-05,1e-05,1e-05,-3e-05,-1e-05,1e-05,1.0
31972.0,0.0,-3e-05,1e-05,1e-05,1e-05,-3e-05,-1e-05,1e-05,1.0
31973.0,0.0,-3e-05,1e-05,1e-05,1e-05,-3e-05,-1e-05,1e-05,1.0
31974.0,0.0,-3e-05,1e-05,1e-05,1e-05,-3e-05,-1e-05,1e-05,1.0
31975.0,0.0,-3e-05,1e-05,1e-05,1e-05,-3e-05,-1e-05,1e-05,1.0
31977.0,0.0,-3e-05,1e-05,1e-05,1e-05,-3e-05,-1e-05,1e-05,1.0
31978.0,0.0,-3e-05,1e-05,1e-05,1e-05,-3e-05,-1e-05,1e-05,1.0
31979.0,0.0,-3e-05,1e-05,1e-05,1e-05,-3e-05,-1e-05,1e-05,1.0
31980.0,-3e-05,-8e-05,-7e-05,-4e-05,-2e-05,-1e-05,-2e-05,-3e-05,1.0
31981.0,-3e-05,-8e-05,-7e-05,-4e-05,-2e-05,-1e-05,-2e-05,-3e-05,1.0
31982.0,-3e-05,-8e-05,-7e-05,-4e-05,-2e-05,-1e-05,-2e-05,-3e-05,1.0
31983.0,-3e-05,-8e-05,-7e-05,-4e-05,-2e-05,-1e-05,-2e-05,-3e-05,1.0
31984.0,-3e-05,-8e-05,-7e-05,-4e-05,-2e-05,-1e-05,-2e-05,-3e-05,1.0
31985.0,-3e-05,-8e-05,-7e-05,-4e-05,-2e-05,-1e-05,-2e-05,-3e-05,1.0
31986.0,-3e-05,-8e-05,-7e-05,-4e-05,-2e-05,-1e-05,-2e-05,-3e-05,1.0
31989.0,-3e-05,-8e-05,-7e-05,-4e-05,-2e-05,-1e-05,-2e-05,-3e-05,1.0
31991.0,0.0,5e-05,1e-05,2e-05,0.0,-3e-05,-1e-05,0.0,1.0
31992.0,0.0,5e-05,1e-05,2e-05,0.0,-3e-05,-1e-05,0.0,1.0
31993.0,0.0,5e-05,1e-05,2e-05,0.0,-3e-05,-1e-05,0.0,1.0
31994.0,0.0,5e-05,1e-05,2e-05,0.0,-3e-05,-1e-05,0.0,1.0
31995.0,0.0,5e-05,1e-05,2e-05,0.0,-3e-05,-1e-05,0.0,1.0
31996.0,0.0,5e-05,1e-05,2e-05,0.0,-3e-05,-1e-05,0.0,1.0
31997.0,0.0,5e-05,1e-05,2e-05,0.0,-3e-05,-1e-05,0.0,1.0
31998.0,0.0,5e-05,1e-05,2e-05,0.0,-3e-05,-1e-05,0.0,1.0
31999.0,0.0,5e-05,1e-05,2e-05,0.0,-3e-05,-1e-05,0.0,1.0
32000.0,0.0,5e-05,1e-05,2e-05,0.0,-3e-05,-1e-05,0.0,1.0
32001.0,0.0,5e-05,1e-05,2e-05,0.0,-3e-05,-1e-05,0.0,1.0
32002.0,0.0,5e-05,1e-05,2e-05,0.0,-3e-05,-1e-05,0.0,1.0
32003.0,0.0,5e-05,1e-05,2e-05,0.0,-3e-05,-1e-05,0.0,1.0
32004.0,0.0,5e-05,1e-05,2e-05,0.0,-3e-05,-1e-05,0.0,1.0
32005.0,0.0,5e-05,1e-05,2e-05,0.0,-3e-05,-1e-05,0.0,1.0
32006.0,0.0,5e-05,1e-05,2e-05,0.0,-3e-05,-1e-05,0.0,1.0
32007.0,0.0,5e-05,1e-05,2e-05,0.0,-3e-05,-1e-05,0.0,1.0
32008.0,0.0,5e-05,1e-05,2e-05,0.0,-3e-05,-1e-05,0.0,1.0
32009.0,0.0,5e-05,1e-05,2e-05,0.0,-3e-05,-1e-05,0.0,1.0
32010.0,0.0,5e-05,1e-05,2e-05,0.0,-3e-05,-1e-05,0.0,1.0
32011.0,-1e-05,0.0,-2e-05,0.0,0.0,2e-05,0.0,0.0,1.0
32012.0,-1e-05,-1e-05,2e-05,0.0,-2e-05,0.0,-1e-05,0.0,1.0
32013.0,-1e-05,-1e-05,2e-05,0.0,-2e-05,0.0,-1e-05,0.0,1.0
32014.0,-1e-05,-1e-05,2e-05,0.0,-2e-05,0.0,-1e-05,0.0,1.0
32015.0,-1e-05,-1e-05,2e-05,0.0,-2e-05,0.0,-1e-05,0.0,1.0
32016.0,-1e-05,-1e-05,2e-05,0.0,-2e-05,0.0,-1e-05,0.0,1.0
32017.0,-1e-05,-1e-05,2e-05,0.0,-2e-05,0.0,-1e-05,0.0,1.0
32018.0,-1e-05,-1e-05,2e-05,0.0,-2e-05,0.0,-1e-05,0.0,1.0
32019.0,-1e-05,-1e-05,2e-05,0.0,-2e-05,0.0,-1e-05,0.0,1.0
32020.0,-1e-05,-1e-05,2e-05,0.0,-2e-05,0.0,-1e-05,0.0,1.0
32021.0,-1e-05,-1e-05,2e-05,0.0,-2e-05,0.0,-1e-05,0.0,1.0
32022.0,-1e-05,-1e-05,2e-05,0.0,-2e-05,0.0,-1e-05,0.0,1.0
32023.0,-1e-05,-1e-05,2e-05,0.0,-2e-05,0.0,-1e-05,0.0,1.0
32024.0,-1e-05,-1e-05,2e-05,0.0,-2e-05,0.0,-1e-05,0.0,1.0
32025.0,-1e-05,-1e-05,2e-05,0.0,-2e-05,0.0,-1e-05,0.0,1.0
32026.0,-1e-05,-1e-05,-2e-05,0.0,0.0,-1e-05,0.0,1e-05,1.0
32027.0,-1e-05,-1e-05,-2e-05,0.0,0.0,-1e-05,0.0,1e-05,1.0
32028.0,-1e-05,-1e-05,-2e-05,0.0,0.0,-1e-05,0.0,1e-05,1.0
32029.0,-1e-05,-1e-05,-2e-05,0.0,0.0,-1e-05,0.0,1e-05,1.0
32030.0,-1e-05,-1e-05,-2e-05,0.0,0.0,-1e-05,0.0,1e-05,1.0
32031.0,-1e-05,-1e-05,-2e-05,0.0,0.0,-1e-05,0.0,1e-05,1.0
32032.0,-1e-05,-1e-05,-2e-05,0.0,0.0,-1e-05,0.0,1e-05,1.0
32033.0,-1e-05,-1e-05,-2e-05,0.0,0.0,-1e-05,0.0,1e-05,1.0
32034.0,-1e-05,-1e-05,-2e-05,0.0,0.0,-1e-05,0.0,1e-05,1.0
32035.0,-1e-05,-1e-05,-2e-05,0.0,0.0,-1e-05,0.0,1e-05,1.0
32036.0,-1e-05,-1e-05,-2e-05,0.0,0.0,-1e-05,0.0,1e-05,1.0
32039.0,-1e-05,-1e-05,-2e-05,0.0,0.0,-1e-05,0.0,1e-05,1.0
32041.0,0.0,-4e-05,-4e-05,-2e-05,-1e-05,-1e-05,0.0,0.0,1.0
32042.0,0.0,-4e-05,-4e-05,-2e-05,-1e-05,-1e-05,0.0,0.0,1.0
32043.0,0.0,-4e-05,-4e-05,-2e-05,-1e-05,-1e-05,0.0,0.0,1.0
32044.0,0.0,-4e-05,-4e-05,-2e-05,-1e-05,-1e-05,0.0,0.0,1.0
32045.0,0.0,-4e-05,-4e-05,-2e-05,-1e-05,-1e-05,0.0,0.0,1.0
32046.0,0.0,-4e-05,-4e-05,-2e-05,-1e-05,-1e-05,0.0,0.0,1.0
32047.0,0.0,-4e-05,-4e-05,-2e-05,-1e-05,-1e-05,0.0,0.0,1.0
32048.0,0.0,-4e-05,-4e-05,-2e-05,-1e-05,-1e-05,0.0,0.0,1.0
32049.0,0.0,-4e-05,-4e-05,-2e-05,-1e-05,-1e-05,0.0,0.0,1.0
32050.0,0.0,-4e-05,-4e-05,-2e-05,-1e-05,-1e-05,0.0,0.0,1.0
32051.0,0.0,-4e-05,-4e-05,-2e-05,-1e-05,-1e-05,0.0,0.0,1.0
32052.0,0.0,-4e-05,-4e-05,-2e-05,-1e-05,-1e-05,0.0,0.0,1.0
32053.0,0.0,-4e-05,-4e-05,-2e-05,-1e-05,-1e-05,0.0,0.0,1.0
32054.0,0.0,-4e-05,-4e-05,-2e-05,-1e-05,-1e-05,0.0,0.0,1.0
32055.0,-1e-05,1e-05,2e-05,0.0,-1e-05,0.0,-1e-05,-1e-05,1.0
32056.0,0.0,-2e-05,1e-05,-2e-05,-2e-05,0.0,-3e-05,-1e-05,1.0
32057.0,-1e-05,1e-05,0.0,-2e-05,0.0,2e-05,0.0,-1e-05,1.0
32058.0,-1e-05,1e-05,0.0,-2e-05,0.0,2e-05,0.0,-1e-05,1.0
32059.0,-1e-05,1e-05,0.0,-2e-05,0.0,2e-05,0.0,-1e-05,1.0
32060.0,-1e-05,1e-05,0.0,-2e-05,0.0,2e-05,0.0,-1e-05,1.0
32061.0,-1e-05,1e-05,0.0,-2e-05,0.0,2e-05,0.0,-1e-05,1.0
32063.0,-1e-05,1e-05,0.0,-2e-05,0.0,2e-05,0.0,-1e-05,1.0
32064.0,-1e-05,1e-05,0.0,-2e-05,0.0,2e-05,0.0,-1e-05,1.0
32065.0,-1e-05,1e-05,0.0,-2e-05,0.0,2e-05,0.0,-1e-05,1.0
32066.0,-1e-05,1e-05,0.0,-2e-05,0.0,2e-05,0.0,-1e-05,1.0
32067.0,-1e-05,1e-05,0.0,-2e-05,0.0,2e-05,0.0,-1e-05,1.0
32068.0,-1e-05,1e-05,0.0,-2e-05,0.0,2e-05,0.0,-1e-05,1.0
32069.0,-1e-05,1e-05,0.0,-2e-05,0.0,2e-05,0.0,-1e-05,1.0
32070.0,-1e-05,1e-05,0.0,-2e-05,0.0,2e-05,0.0,-1e-05,1.0
32071.0,-1e-05,1e-05,0.0,-2e-05,0.0,2e-05,0.0,-1e-05,1.0
32072.0,-1e-05,1e-05,0.0,-2e-05,0.0,2e-05,0.0,-1e-05,1.0
32073.0,-1e-05,1e-05,0.0,-2e-05,0.0,2e-05,0.0,-1e-05,1.0
32074.0,-1e-05,1e-05,0.0,-2e-05,0.0,2e-05,0.0,-1e-05,1.0
32075.0,-1e-05,1e-05,0.0,-2e-05,0.0,2e-05,0.0,-1e-05,1.0
32076.0,-1e-05,1e-05,0.0,-2e-05,0.0,2e-05,0.0,-1e-05,1.0
32077.0,-1e-05,1e-05,0.0,-2e-05,0.0,2e-05,0.0,-1e-05,1.0
32078.0,0.0,1e-05,4e-05,2e-05,-1e-05,-1e-05,2e-05,-1e-05,1.0
32079.0,0.0,-2e-05,-2e-05,0.0,-2e-05,-1e-05,-1e-05,-2e-05,1.0
32080.0,0.0,-2e-05,-2e-05,0.0,-2e-05,-1e-05,-1e-05,-2e-05,1.0
32081.0,0.0,-2e-05,-2e-05,0.0,-2e-05,-1e-05,-1e-05,-2e-05,1.0
32082.0,0.0,-2e-05,-2e-05,0.0,-2e-05,-1e-05,-1e-05,-2e-05,1.0
32083.0,0.0,-2e-05,-2e-05,0.0,-2e-05,-1e-05,-1e-05,-2e-05,1.0
32084.0,0.0,-2e-05,-2e-05,0.0,-2e-05,-1e-05,-1e-05,-2e-05,1.0
32085.0,0.0,-2e-05,-2e-05,0.0,-2e-05,-1e-05,-1e-05,-2e-05,1.0
32086.0,0.0,-2e-05,-2e-05,0.0,-2e-05,-1e-05,-1e-05,-2e-05,1.0
32088.0,0.0,-2e-05,-2e-05,0.0,-2e-05,-1e-05,-1e-05,-2e-05,1.0
32090.0,0.0,-2e-05,-2e-05,0.0,-2e-05,-1e-05,-1e-05,-2e-05,1.0
32091.0,0.0,-2e-05,-2e-05,0.0,-2e-05,-1e-05,-1e-05,-2e-05,1.0
32092.0,0.0,-2e-05,-2e-05,0.0,-2e-05,-1e-05,-1e-05,-2e-05,1.0
32093.0,0.0,-2e-05,-2e-05,0.0,-2e-05,-1e-05,-1e-05,-2e-05,1.0
32094.0,1e-05,4e-05,2e-05,2e-05,-1e-05,0.0,-2e-05,1e-05,1.0
32095.0,1e-05,4e-05,2e-05,2e-05,-1e-05,0.0,-2e-05,1e-05,1.0
32096.0,1e-05,4e-05,2e-05,2e-05,-1e-05,0.0,-2e-05,1e-05,1.0
32097.0,1e-05,4e-05,2e-05,2e-05,-1e-05,0.0,-2e-05,1e-05,1.0
32098.0,1e-05,4e-05,2e-05,2e-05,-1e-05,0.0,-2e-05,1e-05,1.0
32099.0,1e-05,4e-05,2e-05,2e-05,-1e-05,0.0,-2e-05,1e-05,1.0
32100.0,1e-05,4e-05,2e-05,2e-05,-1e-05,0.0,-2e-05,1e-05,1.0
32101.0,1e-05,4e-05,2e-05,2e-05,-1e-05,0.0,-2e-05,1e-05,1.0
32103.0,1e-05,4e-05,2e-05,2e-05,-1e-05,0.0,-2e-05,1e-05,1.0
32104.0,1e-05,4e-05,2e-05,2e-05,-1e-05,0.0,-2e-05,1e-05,1.0
32105.0,1e-05,4e-05,2e-05,2e-05,-1e-05,0.0,-2e-05,1e-05,1.0
32106.0,1e-05,4e-05,2e-05,2e-05,-1e-05,0.0,-2e-05,1e-05,1.0
32107.0,1e-05,4e-05,2e-05,2e-05,-1e-05,0.0,-2e-05,1e-05,1.0
32108.0,0.0,3e-05,0.00015,4e-05,-1e-05,-1e-05,-1e-05,-1e-05,1.0
32109.0,-1e-05,0.0,2e-05,0.0,-1e-05,-1e-05,0.0,-1e-05,1.0
32110.0,-1e-05,0.0,2e-05,0.0,-1e-05,-1e-05,0.0,-1e-05,1.0
32111.0,-1e-05,0.0,2e-05,0.0,-1e-05,-1e-05,0.0,-1e-05,1.0
32112.0,-1e-05,0.0,2e-05,0.0,-1e-05,-1e-05,0.0,-1e-05,1.0
32113.0,-1e-05,0.0,2e-05,0.0,-1e-05,-1e-05,0.0,-1e-05,1.0
32114.0,-1e-05,0.0,2e-05,0.0,-1e-05,-1e-05,0.0,-1e-05,1.0
32115.0,-1e-05,0.0,2e-05,0.0,-1e-05,-1e-05,0.0,-1e-05,1.0
32116.0,-1e-05,0.0,2e-05,0.0,-1e-05,-1e-05,0.0,-1e-05,1.0
32117.0,-1e-05,0.0,2e-05,0.0,-1e-05,-1e-05,0.0,-1e-05,1.0
32118.0,-1e-05,0.0,2e-05,0.0,-1e-05,-1e-05,0.0,-1e-05,1.0
32119.0,-1e-05,0.0,2e-05,0.0,-1e-05,-1e-05,0.0,-1e-05,1.0
32120.0,-1e-05,0.0,2e-05,0.0,-1e-05,-1e-05,0.0,-1e-05,1.0
32121.0,-1e-05,0.0,2e-05,0.0,-1e-05,-1e-05,0.0,-1e-05,1.0
32122.0,-1e-05,0.0,2e-05,0.0,-1e-05,-1e-05,0.0,-1e-05,1.0
32123.0,-1e-05,0.0,2e-05,0.0,-1e-05,-1e-05,0.0,-1e-05,1.0
32124.0,-1e-05,0.0,2e-05,0.0,-1e-05,-1e-05,0.0,-1e-05,1.0
32125.0,-1e-05,0.0,2e-05,0.0,-1e-05,-1e-05,0.0,-1e-05,1.0
32126.0,-1e-05,0.0,2e-05,0.0,-1e-05,-1e-05,0.0,-1e-05,1.0
32127.0,-1e-05,0.0,2e-05,0.0,-1e-05,-1e-05,0.0,-1e-05,1.0
32128.0,-1e-05,0.0,2e-05,0.0,-1e-05,-1e-05,0.0,-1e-05,1.0
32129.0,-1e-05,0.0,2e-05,0.0,-1e-05,-1e-05,0.0,-1e-05,1.0
32130.0,-1e-05,0.0,2e-05,0.0,-1e-05,-1e-05,0.0,-1e-05,1.0
32131.0,-1e-05,0.0,1e-05,2e-05,-1e-05,-1e-05,-1e-05,-1e-05,1.0
32132.0,0.0,0.0,2e-05,0.0,1e-05,-1e-05,-1e-05,-2e-05,1.0
32133.0,0.0,0.0,2e-05,0.0,1e-05,-1e-05,-1e-05,-2e-05,1.0
32134.0,0.0,0.0,2e-05,0.0,1e-05,-1e-05,-1e-05,-2e-05,1.0
32135.0,0.0,0.0,2e-05,0.0,1e-05,-1e-05,-1e-05,-2e-05,1.0
32136.0,0.0,0.0,2e-05,0.0,1e-05,-1e-05,-1e-05,-2e-05,1.0
32138.0,0.0,0.0,2e-05,0.0,1e-05,-1e-05,-1e-05,-2e-05,1.0
32139.0,0.0,0.0,2e-05,0.0,1e-05,-1e-05,-1e-05,-2e-05,1.0
32140.0,0.0,0.0,2e-05,0.0,1e-05,-1e-05,-1e-05,-2e-05,1.0
32141.0,0.0,0.0,2e-05,0.0,1e-05,-1e-05,-1e-05,-2e-05,1.0
32142.0,0.0,0.0,2e-05,0.0,1e-05,-1e-05,-1e-05,-2e-05,1.0
32143.0,0.0,0.0,2e-05,0.0,1e-05,-1e-05,-1e-05,-2e-05,1.0
32144.0,0.0,0.0,2e-05,0.0,1e-05,-1e-05,-1e-05,-2e-05,1.0
32145.0,0.0,0.0,2e-05,0.0,1e-05,-1e-05,-1e-05,-2e-05,1.0
32146.0,0.0,0.0,2e-05,0.0,1e-05,-1e-05,-1e-05,-2e-05,1.0
32147.0,0.0,0.0,2e-05,0.0,1e-05,-1e-05,-1e-05,-2e-05,1.0
32148.0,0.0,0.0,2e-05,0.0,1e-05,-1e-05,-1e-05,-2e-05,1.0
32149.0,0.0,0.0,2e-05,0.0,1e-05,-1e-05,-1e-05,-2e-05,1.0
32150.0,0.0,0.0,2e-05,0.0,1e-05,-1e-05,-1e-05,-2e-05,1.0
32151.0,0.0,0.0,2e-05,0.0,1e-05,-1e-05,-1e-05,-2e-05,1.0
32152.0,0.0,0.0,2e-05,0.0,1e-05,-1e-05,-1e-05,-2e-05,1.0
32153.0,1e-05,-1e-05,0.0,-1e-05,-1e-05,-1e-05,0.0,-2e-05,1.0
32154.0,-1e-05,-2e-05,-1e-05,-1e-05,-3e-05,-2e-05,-1e-05,-1e-05,1.0
32155.0,-1e-05,-2e-05,-1e-05,-1e-05,-3e-05,-2e-05,-1e-05,-1e-05,1.0
32156.0,-1e-05,-2e-05,-1e-05,-1e-05,-3e-05,-2e-05,-1e-05,-1e-05,1.0
32157.0,-1e-05,-2e-05,-1e-05,-1e-05,-3e-05,-2e-05,-1e-05,-1e-05,1.0
32158.0,-1e-05,-2e-05,-1e-05,-1e-05,-3e-05,-2e-05,-1e-05,-1e-05,1.0
32159.0,-1e-05,-2e-05,-1e-05,-1e-05,-3e-05,-2e-05,-1e-05,-1e-05,1.0
32160.0,-1e-05,-2e-05,-1e-05,-1e-05,-3e-05,-2e-05,-1e-05,-1e-05,1.0
32161.0,-1e-05,-2e-05,-1e-05,-1e-05,-3e-05,-2e-05,-1e-05,-1e-05,1.0
32162.0,-1e-05,-2e-05,-1e-05,-1e-05,-3e-05,-2e-05,-1e-05,-1e-05,1.0
32163.0,-1e-05,-2e-05,-1e-05,-1e-05,-3e-05,-2e-05,-1e-05,-1e-05,1.0
32164.0,-1e-05,-2e-05,-1e-05,-1e-05,-3e-05,-2e-05,-1e-05,-1e-05,1.0
32165.0,-1e-05,-2e-05,-1e-05,-1e-05,-3e-05,-2e-05,-1e-05,-1e-05,1.0
32166.0,-1e-05,-2e-05,-1e-05,-1e-05,-3e-05,-2e-05,-1e-05,-1e-05,1.0
32167.0,-1e-05,-2e-05,-1e-05,-1e-05,-3e-05,-2e-05,-1e-05,-1e-05,1.0
32168.0,2e-05,1e-05,5e-05,0.0,-1e-05,-1e-05,-1e-05,1e-05,1.0
32169.0,-1e-05,2e-05,-2e-05,-4e-05,-1e-05,0.0,-1e-05,1e-05,1.0
32170.0,-1e-05,2e-05,-2e-05,-4e-05,-1e-05,0.0,-1e-05,1e-05,1.0
32171.0,-1e-05,2e-05,-2e-05,-4e-05,-1e-05,0.0,-1e-05,1e-05,1.0
32172.0,-1e-05,2e-05,-2e-05,-4e-05,-1e-05,0.0,-1e-05,1e-05,1.0
32173.0,-1e-05,2e-05,-2e-05,-4e-05,-1e-05,0.0,-1e-05,1e-05,1.0
32174.0,-1e-05,2e-05,-2e-05,-4e-05,-1e-05,0.0,-1e-05,1e-05,1.0
32175.0,-1e-05,2e-05,-2e-05,-4e-05,-1e-05,0.0,-1e-05,1e-05,1.0
32176.0,-1e-05,2e-05,-2e-05,-4e-05,-1e-05,0.0,-1e-05,1e-05,1.0
32177.0,-1e-05,2e-05,-2e-05,-4e-05,-1e-05,0.0,-1e-05,1e-05,1.0
32178.0,-1e-05,2e-05,-2e-05,-4e-05,-1e-05,0.0,-1e-05,1e-05,1.0
32179.0,-1e-05,2e-05,-2e-05,-4e-05,-1e-05,0.0,-1e-05,1e-05,1.0
32180.0,-1e-05,2e-05,-2e-05,-4e-05,-1e-05,0.0,-1e-05,1e-05,1.0
32181.0,-1e-05,2e-05,-2e-05,-4e-05,-1e-05,0.0,-1e-05,1e-05,1.0
32182.0,-1e-05,2e-05,-2e-05,-4e-05,-1e-05,0.0,-1e-05,1e-05,1.0
32183.0,-1e-05,2e-05,-2e-05,-4e-05,-1e-05,0.0,-1e-05,1e-05,1.0
32184.0,-1e-05,2e-05,-2e-05,-4e-05,-1e-05,0.0,-1e-05,1e-05,1.0
32185.0,-1e-05,2e-05,-2e-05,-4e-05,-1e-05,0.0,-1e-05,1e-05,1.0
32186.0,-1e-05,2e-05,-2e-05,-4e-05,-1e-05,0.0,-1e-05,1e-05,1.0
32188.0,-1e-05,2e-05,-2e-05,-4e-05,-1e-05,0.0,-1e-05,1e-05,1.0
32189.0,-1e-05,2e-05,-2e-05,-4e-05,-1e-05,0.0,-1e-05,1e-05,1.0
32190.0,-1e-05,2e-05,-2e-05,-4e-05,-1e-05,0.0,-1e-05,1e-05,1.0
32191.0,-1e-05,2e-05,0.0,-2e-05,-3e-05,-3e-05,-2e-05,-1e-05,1.0
32192.0,-1e-05,2e-05,0.0,-2e-05,-3e-05,-3e-05,-2e-05,-1e-05,1.0
32193.0,-1e-05,2e-05,0.0,-2e-05,-3e-05,-3e-05,-2e-05,-1e-05,1.0
32194.0,-1e-05,2e-05,0.0,-2e-05,-3e-05,-3e-05,-2e-05,-1e-05,1.0
32195.0,-1e-05,2e-05,0.0,-2e-05,-3e-05,-3e-05,-2e-05,-1e-05,1.0
32196.0,-1e-05,2e-05,0.0,-2e-05,-3e-05,-3e-05,-2e-05,-1e-05,1.0
32197.0,-1e-05,2e-05,0.0,-2e-05,-3e-05,-3e-05,-2e-05,-1e-05,1.0
32198.0,-1e-05,2e-05,0.0,-2e-05,-3e-05,-3e-05,-2e-05,-1e-05,1.0
32199.0,-1e-05,2e-05,0.0,-2e-05,-3e-05,-3e-05,-2e-05,-1e-05,1.0
32200.0,-1e-05,2e-05,0.0,-2e-05,-3e-05,-3e-05,-2e-05,-1e-05,1.0
32201.0,-1e-05,2e-05,0.0,-2e-05,-3e-05,-3e-05,-2e-05,-1e-05,1.0
32202.0,-1e-05,2e-05,0.0,-2e-05,-3e-05,-3e-05,-2e-05,-1e-05,1.0
32203.0,-1e-05,2e-05,0.0,-2e-05,-3e-05,-3e-05,-2e-05,-1e-05,1.0
32204.0,-1e-05,2e-05,0.0,-2e-05,-3e-05,-3e-05,-2e-05,-1e-05,1.0
32205.0,-1e-05,2e-05,0.0,-2e-05,-3e-05,-3e-05,-2e-05,-1e-05,1.0
32206.0,-1e-05,2e-05,0.0,-2e-05,-3e-05,-3e-05,-2e-05,-1e-05,1.0
32207.0,-1e-05,2e-05,0.0,-2e-05,-3e-05,-3e-05,-2e-05,-1e-05,1.0
32208.0,-1e-05,2e-05,0.0,-2e-05,-3e-05,-3e-05,-2e-05,-1e-05,1.0
32209.0,-1e-05,2e-05,0.0,-2e-05,-3e-05,-3e-05,-2e-05,-1e-05,1.0
32210.0,-1e-05,2e-05,0.0,-2e-05,-3e-05,-3e-05,-2e-05,-1e-05,1.0
32211.0,-1e-05,2e-05,0.0,-2e-05,-3e-05,-3e-05,-2e-05,-1e-05,1.0
32212.0,-1e-05,2e-05,0.0,-2e-05,-3e-05,-3e-05,-2e-05,-1e-05,1.0
32213.0,-1e-05,-2e-05,4e-05,1e-05,0.0,-1e-05,2e-05,-2e-05,1.0
32214.0,1e-05,-3e-05,-5e-05,-4e-05,-2e-05,1e-05,-1e-05,-1e-05,1.0
32215.0,1e-05,-3e-05,-5e-05,-4e-05,-2e-05,1e-05,-1e-05,-1e-05,1.0
32216.0,1e-05,-3e-05,-5e-05,-4e-05,-2e-05,1e-05,-1e-05,-1e-05,1.0
32217.0,1e-05,-3e-05,-5e-05,-4e-05,-2e-05,1e-05,-1e-05,-1e-05,1.0
32218.0,1e-05,-3e-05,-5e-05,-4e-05,-2e-05,1e-05,-1e-05,-1e-05,1.0
32219.0,1e-05,-3e-05,-5e-05,-4e-05,-2e-05,1e-05,-1e-05,-1e-05,1.0
32220.0,1e-05,-3e-05,-5e-05,-4e-05,-2e-05,1e-05,-1e-05,-1e-05,1.0
32221.0,1e-05,-3e-05,-5e-05,-4e-05,-2e-05,1e-05,-1e-05,-1e-05,1.0
32223.0,1e-05,-3e-05,-5e-05,-4e-05,-2e-05,1e-05,-1e-05,-1e-05,1.0
32224.0,1e-05,-3e-05,-5e-05,-4e-05,-2e-05,1e-05,-1e-05,-1e-05,1.0
32225.0,1e-05,-3e-05,-5e-05,-4e-05,-2e-05,1e-05,-1e-05,-1e-05,1.0
32226.0,1e-05,-3e-05,-5e-05,-4e-05,-2e-05,1e-05,-1e-05,-1e-05,1.0
32227.0,-2e-05,-2e-05,0.0,0.0,-1e-05,0.0,-1e-05,-2e-05,1.0
32228.0,-2e-05,-3e-05,0.0,1e-05,0.0,0.0,0.0,1e-05,1.0
32229.0,-2e-05,-3e-05,0.0,1e-05,0.0,0.0,0.0,1e-05,1.0
32230.0,-2e-05,-3e-05,0.0,1e-05,0.0,0.0,0.0,1e-05,1.0
32231.0,-2e-05,-3e-05,0.0,1e-05,0.0,0.0,0.0,1e-05,1.0
32232.0,-2e-05,-3e-05,0.0,1e-05,0.0,0.0,0.0,1e-05,1.0
32233.0,-2e-05,-3e-05,0.0,1e-05,0.0,0.0,0.0,1e-05,1.0
32234.0,-2e-05,-3e-05,0.0,1e-05,0.0,0.0,0.0,1e-05,1.0
32235.0,-2e-05,-3e-05,0.0,1e-05,0.0,0.0,0.0,1e-05,1.0
32236.0,-2e-05,-3e-05,0.0,1e-05,0.0,0.0,0.0,1e-05,1.0
32238.0,-2e-05,-3e-05,0.0,1e-05,0.0,0.0,0.0,1e-05,1.0
32239.0,-2e-05,-3e-05,0.0,1e-05,0.0,0.0,0.0,1e-05,1.0
32240.0,-2e-05,-3e-05,0.0,1e-05,0.0,0.0,0.0,1e-05,1.0
32241.0,-2e-05,-3e-05,0.0,1e-05,0.0,0.0,0.0,1e-05,1.0
32242.0,-2e-05,-3e-05,0.0,1e-05,0.0,0.0,0.0,1e-05,1.0
32243.0,-2e-05,-3e-05,0.0,1e-05,0.0,0.0,0.0,1e-05,1.0
32244.0,-2e-05,-3e-05,0.0,1e-05,0.0,0.0,0.0,1e-05,1.0
32245.0,-2e-05,-3e-05,0.0,1e-05,0.0,0.0,0.0,1e-05,1.0
32246.0,-2e-05,-3e-05,0.0,1e-05,0.0,0.0,0.0,1e-05,1.0
32247.0,-2e-05,-3e-05,0.0,1e-05,0.0,0.0,0.0,1e-05,1.0
32248.0,-2e-05,-3e-05,0.0,1e-05,0.0,0.0,0.0,1e-05,1.0
32249.0,-2e-05,-3e-05,0.0,1e-05,0.0,0.0,0.0,1e-05,1.0
32250.0,-2e-05,-3e-05,0.0,1e-05,0.0,0.0,0.0,1e-05,1.0
32251.0,-2e-05,-3e-05,0.0,1e-05,0.0,0.0,0.0,1e-05,1.0
32252.0,-2e-05,-3e-05,0.0,1e-05,0.0,0.0,0.0,1e-05,1.0
32253.0,-2e-05,-3e-05,0.0,1e-05,0.0,0.0,0.0,1e-05,1.0
32254.0,-2e-05,-3e-05,0.0,1e-05,0.0,0.0,0.0,1e-05,1.0
32255.0,-2e-05,-3e-05,0.0,1e-05,0.0,0.0,0.0,1e-05,1.0
32256.0,-2e-05,-3e-05,0.0,1e-05,0.0,0.0,0.0,1e-05,1.0
32257.0,-2e-05,-3e-05,0.0,1e-05,0.0,0.0,0.0,1e-05,1.0
32258.0,-1e-05,-1e-05,-4e-05,-1e-05,0.0,0.0,-1e-05,0.0,1.0
32259.0,-1e-05,-1e-05,-4e-05,-1e-05,0.0,0.0,-1e-05,0.0,1.0
32260.0,-1e-05,-1e-05,-4e-05,-1e-05,0.0,0.0,-1e-05,0.0,1.0
32261.0,-1e-05,-1e-05,-4e-05,-1e-05,0.0,0.0,-1e-05,0.0,1.0
32262.0,-1e-05,-1e-05,-4e-05,-1e-05,0.0,0.0,-1e-05,0.0,1.0
32263.0,-1e-05,-1e-05,-4e-05,-1e-05,0.0,0.0,-1e-05,0.0,1.0
32264.0,-1e-05,-1e-05,-4e-05,-1e-05,0.0,0.0,-1e-05,0.0,1.0
32265.0,0.0,0.0,1e-05,2e-05,0.0,0.0,-1e-05,-3e-05,1.0
32266.0,0.0,0.0,1e-05,2e-05,0.0,0.0,-1e-05,-3e-05,1.0
32267.0,0.0,0.0,1e-05,2e-05,0.0,0.0,-1e-05,-3e-05,1.0
32268.0,0.0,0.0,1e-05,2e-05,0.0,0.0,-1e-05,-3e-05,1.0
32269.0,0.0,0.0,1e-05,2e-05,0.0,0.0,-1e-05,-3e-05,1.0
32270.0,0.0,0.0,1e-05,2e-05,0.0,0.0,-1e-05,-3e-05,1.0
32271.0,0.0,0.0,1e-05,2e-05,0.0,0.0,-1e-05,-3e-05,1.0
32272.0,0.0,0.0,1e-05,2e-05,0.0,0.0,-1e-05,-3e-05,1.0
32273.0,0.0,0.0,1e-05,2e-05,0.0,0.0,-1e-05,-3e-05,1.0
32274.0,0.0,0.0,1e-05,2e-05,0.0,0.0,-1e-05,-3e-05,1.0
32275.0,0.0,0.0,1e-05,2e-05,0.0,0.0,-1e-05,-3e-05,1.0
32276.0,0.0,0.0,1e-05,2e-05,0.0,0.0,-1e-05,-3e-05,1.0
32277.0,0.0,0.0,1e-05,2e-05,0.0,0.0,-1e-05,-3e-05,1.0
32278.0,0.0,0.0,1e-05,2e-05,0.0,0.0,-1e-05,-3e-05,1.0
32279.0,0.0,0.0,1e-05,2e-05,0.0,0.0,-1e-05,-3e-05,1.0
32280.0,-1e-05,2e-05,2e-05,-1e-05,1e-05,-2e-05,-2e-05,-3e-05,1.0
32281.0,-2e-05,-3e-05,-4e-05,-5e-05,-1e-05,-1e-05,-1e-05,0.0,1.0
32282.0,-2e-05,-3e-05,-4e-05,-5e-05,-1e-05,-1e-05,-1e-05,0.0,1.0
32283.0,-2e-05,-3e-05,-4e-05,-5e-05,-1e-05,-1e-05,-1e-05,0.0,1.0
32284.0,-2e-05,-3e-05,-4e-05,-5e-05,-1e-05,-1e-05,-1e-05,0.0,1.0
32285.0,-2e-05,-3e-05,-4e-05,-5e-05,-1e-05,-1e-05,-1e-05,0.0,1.0
32286.0,-2e-05,-3e-05,-4e-05,-5e-05,-1e-05,-1e-05,-1e-05,0.0,1.0
32289.0,-2e-05,-3e-05,-4e-05,-5e-05,-1e-05,-1e-05,-1e-05,0.0,1.0
32290.0,-2e-05,-3e-05,-4e-05,-5e-05,-1e-05,-1e-05,-1e-05,0.0,1.0
32291.0,-2e-05,-3e-05,-4e-05,-5e-05,-1e-05,-1e-05,-1e-05,0.0,1.0
32292.0,-2e-05,-3e-05,-4e-05,-5e-05,-1e-05,-1e-05,-1e-05,0.0,1.0
32293.0,-2e-05,-3e-05,-4e-05,-5e-05,-1e-05,-1e-05,-1e-05,0.0,1.0
32294.0,-2e-05,-3e-05,-4e-05,-5e-05,-1e-05,-1e-05,-1e-05,0.0,1.0
32295.0,-2e-05,-3e-05,-4e-05,-5e-05,-1e-05,-1e-05,-1e-05,0.0,1.0
32296.0,-2e-05,-3e-05,-4e-05,-5e-05,-1e-05,-1e-05,-1e-05,0.0,1.0
32297.0,-2e-05,-3e-05,-4e-05,-5e-05,-1e-05,-1e-05,-1e-05,0.0,1.0
32298.0,-2e-05,-3e-05,-4e-05,-5e-05,-1e-05,-1e-05,-1e-05,0.0,1.0
32299.0,-2e-05,-3e-05,-4e-05,-5e-05,-1e-05,-1e-05,-1e-05,0.0,1.0
32300.0,-2e-05,-3e-05,-4e-05,-5e-05,-1e-05,-1e-05,-1e-05,0.0,1.0
32301.0,-2e-05,-3e-05,-4e-05,-5e-05,-1e-05,-1e-05,-1e-05,0.0,1.0
32302.0,-2e-05,-3e-05,-4e-05,-5e-05,-1e-05,-1e-05,-1e-05,0.0,1.0
32303.0,2e-05,6e-05,0.00016,4e-05,0.0,0.0,0.0,-1e-05,1.0
32304.0,2e-05,6e-05,0.00016,4e-05,0.0,0.0,0.0,-1e-05,1.0
32305.0,-2e-05,-7e-05,-0.00011,-9e-05,-4e-05,-3e-05,-2e-05,-3e-05,1.0
32306.0,-2e-05,-7e-05,-0.00011,-9e-05,-4e-05,-3e-05,-2e-05,-3e-05,1.0
32307.0,-2e-05,-7e-05,-0.00011,-9e-05,-4e-05,-3e-05,-2e-05,-3e-05,1.0
32308.0,-2e-05,-7e-05,-0.00011,-9e-05,-4e-05,-3e-05,-2e-05,-3e-05,1.0
32309.0,-2e-05,-7e-05,-0.00011,-9e-05,-4e-05,-3e-05,-2e-05,-3e-05,1.0
32310.0,-2e-05,-7e-05,-0.00011,-9e-05,-4e-05,-3e-05,-2e-05,-3e-05,1.0
32311.0,-2e-05,-7e-05,-0.00011,-9e-05,-4e-05,-3e-05,-2e-05,-3e-05,1.0
32312.0,-2e-05,-7e-05,-0.00011,-9e-05,-4e-05,-3e-05,-2e-05,-3e-05,1.0
32313.0,-2e-05,-7e-05,-0.00011,-9e-05,-4e-05,-3e-05,-2e-05,-3e-05,1.0
32314.0,-2e-05,-7e-05,-0.00011,-9e-05,-4e-05,-3e-05,-2e-05,-3e-05,1.0
32315.0,-2e-05,-7e-05,-0.00011,-9e-05,-4e-05,-3e-05,-2e-05,-3e-05,1.0
32316.0,-2e-05,-7e-05,-0.00011,-9e-05,-4e-05,-3e-05,-2e-05,-3e-05,1.0
32317.0,-2e-05,-7e-05,-0.00011,-9e-05,-4e-05,-3e-05,-2e-05,-3e-05,1.0
32318.0,-2e-05,-7e-05,-0.00011,-9e-05,-4e-05,-3e-05,-2e-05,-3e-05,1.0
32319.0,1e-05,4e-05,3e-05,1e-05,0.0,0.0,0.0,2e-05,1.0
32320.0,-1e-05,-2e-05,1e-05,0.0,0.0,0.0,1e-05,-2e-05,1.0
32321.0,-1e-05,-2e-05,1e-05,0.0,0.0,0.0,1e-05,-2e-05,1.0
32322.0,-1e-05,-2e-05,1e-05,0.0,0.0,0.0,1e-05,-2e-05,1.0
32323.0,-1e-05,-2e-05,1e-05,0.0,0.0,0.0,1e-05,-2e-05,1.0
32324.0,-1e-05,-2e-05,1e-05,0.0,0.0,0.0,1e-05,-2e-05,1.0
32325.0,-1e-05,-2e-05,1e-05,0.0,0.0,0.0,1e-05,-2e-05,1.0
32326.0,-1e-05,-2e-05,1e-05,0.0,0.0,0.0,1e-05,-2e-05,1.0
32327.0,-1e-05,-2e-05,1e-05,0.0,0.0,0.0,1e-05,-2e-05,1.0
32328.0,-1e-05,-2e-05,1e-05,0.0,0.0,0.0,1e-05,-2e-05,1.0
32329.0,-1e-05,-2e-05,1e-05,0.0,0.0,0.0,1e-05,-2e-05,1.0
32330.0,-1e-05,-2e-05,1e-05,0.0,0.0,0.0,1e-05,-2e-05,1.0
32331.0,-1e-05,-2e-05,1e-05,0.0,0.0,0.0,1e-05,-2e-05,1.0
32332.0,-1e-05,-2e-05,1e-05,0.0,0.0,0.0,1e-05,-2e-05,1.0
32333.0,-1e-05,-2e-05,1e-05,0.0,0.0,0.0,1e-05,-2e-05,1.0
32334.0,-2e-05,-4e-05,-7e-05,-3e-05,-2e-05,-1e-05,-3e-05,-3e-05,1.0
32335.0,0.0,1e-05,3e-05,3e-05,1e-05,-2e-05,0.0,1e-05,1.0
32336.0,0.0,1e-05,3e-05,3e-05,1e-05,-2e-05,0.0,1e-05,1.0
32338.0,0.0,1e-05,3e-05,3e-05,1e-05,-2e-05,0.0,1e-05,1.0
32340.0,0.0,1e-05,3e-05,3e-05,1e-05,-2e-05,0.0,1e-05,1.0
32341.0,0.0,1e-05,3e-05,3e-05,1e-05,-2e-05,0.0,1e-05,1.0
32342.0,0.0,1e-05,3e-05,3e-05,1e-05,-2e-05,0.0,1e-05,1.0
32343.0,0.0,1e-05,3e-05,3e-05,1e-05,-2e-05,0.0,1e-05,1.0
32344.0,0.0,1e-05,3e-05,3e-05,1e-05,-2e-05,0.0,1e-05,1.0
32345.0,0.0,1e-05,3e-05,3e-05,1e-05,-2e-05,0.0,1e-05,1.0
32346.0,0.0,1e-05,3e-05,3e-05,1e-05,-2e-05,0.0,1e-05,1.0
32347.0,0.0,1e-05,3e-05,3e-05,1e-05,-2e-05,0.0,1e-05,1.0
32348.0,0.0,1e-05,3e-05,3e-05,1e-05,-2e-05,0.0,1e-05,1.0
32349.0,0.0,1e-05,3e-05,3e-05,1e-05,-2e-05,0.0,1e-05,1.0
32350.0,0.0,1e-05,3e-05,3e-05,1e-05,-2e-05,0.0,1e-05,1.0
32352.0,0.0,1e-05,3e-05,3e-05,1e-05,-2e-05,0.0,1e-05,1.0
32353.0,0.0,1e-05,3e-05,3e-05,1e-05,-2e-05,0.0,1e-05,1.0
32354.0,0.0,1e-05,3e-05,3e-05,1e-05,-2e-05,0.0,1e-05,1.0
32355.0,1e-05,3e-05,8e-05,1e-05,0.0,-1e-05,-1e-05,-1e-05,1.0
32356.0,-2e-05,-2e-05,-4e-05,-1e-05,-2e-05,0.0,-1e-05,-2e-05,1.0
32357.0,-2e-05,-2e-05,-4e-05,-1e-05,-2e-05,0.0,-1e-05,-2e-05,1.0
32358.0,-2e-05,-2e-05,-4e-05,-1e-05,-2e-05,0.0,-1e-05,-2e-05,1.0
32359.0,-2e-05,-2e-05,-4e-05,-1e-05,-2e-05,0.0,-1e-05,-2e-05,1.0
32360.0,-2e-05,-2e-05,-4e-05,-1e-05,-2e-05,0.0,-1e-05,-2e-05,1.0
32361.0,-2e-05,-2e-05,-4e-05,-1e-05,-2e-05,0.0,-1e-05,-2e-05,1.0
32362.0,-2e-05,-2e-05,-4e-05,-1e-05,-2e-05,0.0,-1e-05,-2e-05,1.0
32363.0,-2e-05,-2e-05,-4e-05,-1e-05,-2e-05,0.0,-1e-05,-2e-05,1.0
32364.0,-2e-05,-2e-05,-4e-05,-1e-05,-2e-05,0.0,-1e-05,-2e-05,1.0
32365.0,-2e-05,-2e-05,-4e-05,-1e-05,-2e-05,0.0,-1e-05,-2e-05,1.0
32366.0,-2e-05,-2e-05,-4e-05,-1e-05,-2e-05,0.0,-1e-05,-2e-05,1.0
32367.0,-2e-05,-2e-05,-4e-05,-1e-05,-2e-05,0.0,-1e-05,-2e-05,1.0
32368.0,-2e-05,-2e-05,-4e-05,-1e-05,-2e-05,0.0,-1e-05,-2e-05,1.0
32369.0,-2e-05,-2e-05,-4e-05,-1e-05,-2e-05,0.0,-1e-05,-2e-05,1.0
32370.0,-2e-05,-2e-05,-4e-05,-1e-05,-2e-05,0.0,-1e-05,-2e-05,1.0
32371.0,1e-05,2e-05,2e-05,1e-05,-1e-05,-2e-05,-2e-05,0.0,1.0
32372.0,0.0,0.0,1e-05,-2e-05,-1e-05,-1e-05,1e-05,-1e-05,1.0
32373.0,0.0,0.0,1e-05,-2e-05,-1e-05,-1e-05,1e-05,-1e-05,1.0
32374.0,0.0,0.0,1e-05,-2e-05,-1e-05,-1e-05,1e-05,-1e-05,1.0
32375.0,0.0,0.0,1e-05,-2e-05,-1e-05,-1e-05,1e-05,-1e-05,1.0
32376.0,0.0,0.0,1e-05,-2e-05,-1e-05,-1e-05,1e-05,-1e-05,1.0
32377.0,0.0,0.0,1e-05,-2e-05,-1e-05,-1e-05,1e-05,-1e-05,1.0
32378.0,0.0,0.0,1e-05,-2e-05,-1e-05,-1e-05,1e-05,-1e-05,1.0
32379.0,0.0,0.0,1e-05,-2e-05,-1e-05,-1e-05,1e-05,-1e-05,1.0
32380.0,0.0,0.0,1e-05,-2e-05,-1e-05,-1e-05,1e-05,-1e-05,1.0
32381.0,0.0,0.0,1e-05,-2e-05,-1e-05,-1e-05,1e-05,-1e-05,1.0
32382.0,0.0,0.0,1e-05,-2e-05,-1e-05,-1e-05,1e-05,-1e-05,1.0
32383.0,0.0,0.0,1e-05,-2e-05,-1e-05,-1e-05,1e-05,-1e-05,1.0
32384.0,0.0,0.0,1e-05,-2e-05,-1e-05,-1e-05,1e-05,-1e-05,1.0
32385.0,0.0,0.0,1e-05,-2e-05,-1e-05,-1e-05,1e-05,-1e-05,1.0
32386.0,0.0,0.0,1e-05,-2e-05,-1e-05,-1e-05,1e-05,-1e-05,1.0
32388.0,0.0,0.0,1e-05,-2e-05,-1e-05,-1e-05,1e-05,-1e-05,1.0
32389.0,0.0,0.0,1e-05,-2e-05,-1e-05,-1e-05,1e-05,-1e-05,1.0
32390.0,0.0,0.0,1e-05,-2e-05,-1e-05,-1e-05,1e-05,-1e-05,1.0
32391.0,0.0,0.0,1e-05,-2e-05,-1e-05,-1e-05,1e-05,-1e-05,1.0
32392.0,0.0,0.0,1e-05,-2e-05,-1e-05,-1e-05,1e-05,-1e-05,1.0
32393.0,0.0,5e-05,4e-05,0.0,1e-05,-1e-05,1e-05,1e-05,1.0
32394.0,-5e-05,-8e-05,-0.00013,-7e-05,-4e-05,-2e-05,-2e-05,-2e-05,1.0
32395.0,-5e-05,-8e-05,-0.00013,-7e-05,-4e-05,-2e-05,-2e-05,-2e-05,1.0
32396.0,-5e-05,-8e-05,-0.00013,-7e-05,-4e-05,-2e-05,-2e-05,-2e-05,1.0
32397.0,-5e-05,-8e-05,-0.00013,-7e-05,-4e-05,-2e-05,-2e-05,-2e-05,1.0
32398.0,-5e-05,-8e-05,-0.00013,-7e-05,-4e-05,-2e-05,-2e-05,-2e-05,1.0
32399.0,-5e-05,-8e-05,-0.00013,-7e-05,-4e-05,-2e-05,-2e-05,-2e-05,1.0
32400.0,-5e-05,-8e-05,-0.00013,-7e-05,-4e-05,-2e-05,-2e-05,-2e-05,1.0
32401.0,-5e-05,-8e-05,-0.00013,-7e-05,-4e-05,-2e-05,-2e-05,-2e-05,1.0
32402.0,-5e-05,-8e-05,-0.00013,-7e-05,-4e-05,-2e-05,-2e-05,-2e-05,1.0
32403.0,-5e-05,-8e-05,-0.00013,-7e-05,-4e-05,-2e-05,-2e-05,-2e-05,1.0
32404.0,-5e-05,-8e-05,-0.00013,-7e-05,-4e-05,-2e-05,-2e-05,-2e-05,1.0
32405.0,-5e-05,-8e-05,-0.00013,-7e-05,-4e-05,-2e-05,-2e-05,-2e-05,1.0
32406.0,-5e-05,-8e-05,-0.00013,-7e-05,-4e-05,-2e-05,-2e-05,-2e-05,1.0
32407.0,-5e-05,-8e-05,-0.00013,-7e-05,-4e-05,-2e-05,-2e-05,-2e-05,1.0
32408.0,-5e-05,-8e-05,-0.00013,-7e-05,-4e-05,-2e-05,-2e-05,-2e-05,1.0
32409.0,-1e-05,-1e-05,-4e-05,-1e-05,0.0,0.0,-2e-05,2e-05,1.0
32410.0,-1e-05,-1e-05,-4e-05,-1e-05,0.0,0.0,-2e-05,2e-05,1.0
32411.0,-1e-05,-1e-05,-4e-05,-1e-05,0.0,0.0,-2e-05,2e-05,1.0
32412.0,-1e-05,-1e-05,-4e-05,-1e-05,0.0,0.0,-2e-05,2e-05,1.0
32413.0,-1e-05,-1e-05,-4e-05,-1e-05,0.0,0.0,-2e-05,2e-05,1.0
32414.0,-1e-05,-1e-05,-4e-05,-1e-05,0.0,0.0,-2e-05,2e-05,1.0
32415.0,-1e-05,2e-05,5e-05,3e-05,0.0,-2e-05,-3e-05,0.0,1.0
32416.0,-1e-05,2e-05,5e-05,3e-05,0.0,-2e-05,-3e-05,0.0,1.0
32417.0,-1e-05,2e-05,5e-05,3e-05,0.0,-2e-05,-3e-05,0.0,1.0
32418.0,-1e-05,2e-05,5e-05,3e-05,0.0,-2e-05,-3e-05,0.0,1.0
32419.0,-1e-05,2e-05,5e-05,3e-05,0.0,-2e-05,-3e-05,0.0,1.0
32420.0,-1e-05,2e-05,5e-05,3e-05,0.0,-2e-05,-3e-05,0.0,1.0
32421.0,-1e-05,2e-05,5e-05,3e-05,0.0,-2e-05,-3e-05,0.0,1.0
32422.0,-1e-05,2e-05,5e-05,3e-05,0.0,-2e-05,-3e-05,0.0,1.0
32423.0,-1e-05,2e-05,5e-05,3e-05,0.0,-2e-05,-3e-05,0.0,1.0
32424.0,-1e-05,2e-05,5e-05,3e-05,0.0,-2e-05,-3e-05,0.0,1.0
32425.0,-1e-05,2e-05,5e-05,3e-05,0.0,-2e-05,-3e-05,0.0,1.0
32426.0,-1e-05,2e-05,5e-05,3e-05,0.0,-2e-05,-3e-05,0.0,1.0
32427.0,-1e-05,2e-05,5e-05,3e-05,0.0,-2e-05,-3e-05,0.0,1.0
32428.0,-1e-05,2e-05,5e-05,3e-05,0.0,-2e-05,-3e-05,0.0,1.0
32429.0,-1e-05,2e-05,5e-05,3e-05,0.0,-2e-05,-3e-05,0.0,1.0
32430.0,-1e-05,2e-05,5e-05,3e-05,0.0,-2e-05,-3e-05,0.0,1.0
32431.0,-1e-05,1e-05,1e-05,0.0,1e-05,-1e-05,-1e-05,1e-05,1.0
32432.0,1e-05,-3e-05,-2e-05,0.0,0.0,-1e-05,-1e-05,-1e-05,1.0
32433.0,1e-05,-3e-05,-2e-05,0.0,0.0,-1e-05,-1e-05,-1e-05,1.0
32434.0,1e-05,-3e-05,-2e-05,0.0,0.0,-1e-05,-1e-05,-1e-05,1.0
32435.0,1e-05,-3e-05,-2e-05,0.0,0.0,-1e-05,-1e-05,-1e-05,1.0
32436.0,1e-05,-3e-05,-2e-05,0.0,0.0,-1e-05,-1e-05,-1e-05,1.0
32438.0,1e-05,-3e-05,-2e-05,0.0,0.0,-1e-05,-1e-05,-1e-05,1.0
32439.0,1e-05,-3e-05,-2e-05,0.0,0.0,-1e-05,-1e-05,-1e-05,1.0
32440.0,1e-05,-3e-05,-2e-05,0.0,0.0,-1e-05,-1e-05,-1e-05,1.0
32441.0,1e-05,-3e-05,-2e-05,0.0,0.0,-1e-05,-1e-05,-1e-05,1.0
32442.0,1e-05,-3e-05,-2e-05,0.0,0.0,-1e-05,-1e-05,-1e-05,1.0
32443.0,1e-05,-3e-05,-2e-05,0.0,0.0,-1e-05,-1e-05,-1e-05,1.0
32444.0,1e-05,-3e-05,-2e-05,0.0,0.0,-1e-05,-1e-05,-1e-05,1.0
32445.0,1e-05,-3e-05,-2e-05,0.0,0.0,-1e-05,-1e-05,-1e-05,1.0
32446.0,1e-05,-3e-05,-2e-05,0.0,0.0,-1e-05,-1e-05,-1e-05,1.0
32447.0,1e-05,-3e-05,-2e-05,0.0,0.0,-1e-05,-1e-05,-1e-05,1.0
32448.0,1e-05,-3e-05,-2e-05,0.0,0.0,-1e-05,-1e-05,-1e-05,1.0
32449.0,1e-05,-3e-05,-2e-05,0.0,0.0,-1e-05,-1e-05,-1e-05,1.0
32450.0,1e-05,-3e-05,-2e-05,0.0,0.0,-1e-05,-1e-05,-1e-05,1.0
32451.0,1e-05,-3e-05,-2e-05,0.0,0.0,-1e-05,-1e-05,-1e-05,1.0
32452.0,1e-05,-3e-05,-2e-05,0.0,0.0,-1e-05,-1e-05,-1e-05,1.0
32453.0,1e-05,-3e-05,-2e-05,0.0,0.0,-1e-05,-1e-05,-1e-05,1.0
32454.0,1e-05,-3e-05,-2e-05,0.0,0.0,-1e-05,-1e-05,-1e-05,1.0
32455.0,1e-05,-3e-05,-2e-05,0.0,0.0,-1e-05,-1e-05,-1e-05,1.0
32456.0,1e-05,-3e-05,-2e-05,0.0,0.0,-1e-05,-1e-05,-1e-05,1.0
32457.0,1e-05,-3e-05,-2e-05,0.0,0.0,-1e-05,-1e-05,-1e-05,1.0
32458.0,1e-05,-3e-05,-2e-05,0.0,0.0,-1e-05,-1e-05,-1e-05,1.0
32459.0,1e-05,-3e-05,-2e-05,0.0,0.0,-1e-05,-1e-05,-1e-05,1.0
32460.0,1e-05,-3e-05,-2e-05,0.0,0.0,-1e-05,-1e-05,-1e-05,1.0
32461.0,0.0,-3e-05,-2e-05,-1e-05,0.0,-2e-05,1e-05,-2e-05,1.0
32462.0,0.0,4e-05,4e-05,2e-05,1e-05,1e-05,0.0,0.0,1.0
32463.0,0.0,4e-05,4e-05,2e-05,1e-05,1e-05,0.0,0.0,1.0
32464.0,0.0,4e-05,4e-05,2e-05,1e-05,1e-05,0.0,0.0,1.0
32465.0,0.0,4e-05,4e-05,2e-05,1e-05,1e-05,0.0,0.0,1.0
32466.0,0.0,4e-05,4e-05,2e-05,1e-05,1e-05,0.0,0.0,1.0
32467.0,0.0,4e-05,4e-05,2e-05,1e-05,1e-05,0.0,0.0,1.0
32468.0,0.0,4e-05,4e-05,2e-05,1e-05,1e-05,0.0,0.0,1.0
32469.0,-1e-05,-1e-05,-1e-05,1e-05,-1e-05,-1e-05,-1e-05,0.0,1.0
32470.0,0.0,5e-05,1e-05,2e-05,1e-05,-2e-05,0.0,1e-05,1.0
32471.0,0.0,5e-05,1e-05,2e-05,1e-05,-2e-05,0.0,1e-05,1.0
32472.0,0.0,5e-05,1e-05,2e-05,1e-05,-2e-05,0.0,1e-05,1.0
32473.0,0.0,5e-05,1e-05,2e-05,1e-05,-2e-05,0.0,1e-05,1.0
32474.0,0.0,5e-05,1e-05,2e-05,1e-05,-2e-05,0.0,1e-05,1.0
32475.0,0.0,5e-05,1e-05,2e-05,1e-05,-2e-05,0.0,1e-05,1.0
32476.0,0.0,5e-05,1e-05,2e-05,1e-05,-2e-05,0.0,1e-05,1.0
32477.0,0.0,5e-05,1e-05,2e-05,1e-05,-2e-05,0.0,1e-05,1.0
32478.0,0.0,5e-05,1e-05,2e-05,1e-05,-2e-05,0.0,1e-05,1.0
32479.0,0.0,5e-05,1e-05,2e-05,1e-05,-2e-05,0.0,1e-05,1.0
32480.0,0.0,5e-05,1e-05,2e-05,1e-05,-2e-05,0.0,1e-05,1.0
32481.0,0.0,5e-05,1e-05,2e-05,1e-05,-2e-05,0.0,1e-05,1.0
32482.0,0.0,5e-05,1e-05,2e-05,1e-05,-2e-05,0.0,1e-05,1.0
32483.0,0.0,5e-05,1e-05,2e-05,1e-05,-2e-05,0.0,1e-05,1.0
32484.0,0.0,5e-05,1e-05,2e-05,1e-05,-2e-05,0.0,1e-05,1.0
32485.0,0.0,5e-05,1e-05,2e-05,1e-05,-2e-05,0.0,1e-05,1.0
32486.0,0.0,5e-05,1e-05,2e-05,1e-05,-2e-05,0.0,1e-05,1.0
32489.0,0.0,5e-05,1e-05,2e-05,1e-05,-2e-05,0.0,1e-05,1.0
32490.0,0.0,5e-05,1e-05,2e-05,1e-05,-2e-05,0.0,1e-05,1.0
32491.0,0.0,5e-05,1e-05,2e-05,1e-05,-2e-05,0.0,1e-05,1.0
32492.0,0.0,5e-05,1e-05,2e-05,1e-05,-2e-05,0.0,1e-05,1.0
32493.0,0.0,5e-05,1e-05,2e-05,1e-05,-2e-05,0.0,1e-05,1.0
32494.0,0.0,5e-05,1e-05,2e-05,1e-05,-2e-05,0.0,1e-05,1.0
32495.0,0.0,5e-05,1e-05,2e-05,1e-05,-2e-05,0.0,1e-05,1.0
32496.0,0.0,5e-05,1e-05,2e-05,1e-05,-2e-05,0.0,1e-05,1.0
32497.0,0.0,5e-05,1e-05,2e-05,1e-05,-2e-05,0.0,1e-05,1.0
32498.0,0.0,5e-05,1e-05,2e-05,1e-05,-2e-05,0.0,1e-05,1.0
32499.0,0.0,5e-05,1e-05,2e-05,1e-05,-2e-05,0.0,1e-05,1.0
32500.0,0.0,5e-05,1e-05,2e-05,1e-05,-2e-05,0.0,1e-05,1.0
32501.0,0.0,5e-05,1e-05,2e-05,1e-05,-2e-05,0.0,1e-05,1.0
32502.0,0.0,5e-05,1e-05,2e-05,1e-05,-2e-05,0.0,1e-05,1.0
32503.0,0.0,5e-05,1e-05,2e-05,1e-05,-2e-05,0.0,1e-05,1.0
32504.0,0.0,5e-05,1e-05,2e-05,1e-05,-2e-05,0.0,1e-05,1.0
32505.0,0.0,5e-05,1e-05,2e-05,1e-05,-2e-05,0.0,1e-05,1.0
32506.0,0.0,5e-05,1e-05,2e-05,1e-05,-2e-05,0.0,1e-05,1.0
32507.0,0.0,5e-05,1e-05,2e-05,1e-05,-2e-05,0.0,1e-05,1.0
32508.0,0.0,5e-05,1e-05,2e-05,1e-05,-2e-05,0.0,1e-05,1.0
32509.0,0.0,5e-05,1e-05,2e-05,1e-05,-2e-05,0.0,1e-05,1.0
32510.0,0.0,5e-05,1e-05,2e-05,1e-05,-2e-05,0.0,1e-05,1.0
32511.0,0.0,5e-05,1e-05,2e-05,1e-05,-2e-05,0.0,1e-05,1.0
32513.0,0.0,5e-05,1e-05,2e-05,1e-05,-2e-05,0.0,1e-05,1.0
32514.0,0.0,5e-05,1e-05,2e-05,1e-05,-2e-05,0.0,1e-05,1.0
32515.0,0.0,5e-05,1e-05,2e-05,1e-05,-2e-05,0.0,1e-05,1.0
32516.0,0.0,5e-05,1e-05,2e-05,1e-05,-2e-05,0.0,1e-05,1.0
32517.0,0.0,5e-05,1e-05,2e-05,1e-05,-2e-05,0.0,1e-05,1.0
32518.0,0.0,5e-05,1e-05,2e-05,1e-05,-2e-05,0.0,1e-05,1.0
32519.0,0.0,5e-05,1e-05,2e-05,1e-05,-2e-05,0.0,1e-05,1.0
32520.0,0.0,5e-05,1e-05,2e-05,1e-05,-2e-05,0.0,1e-05,1.0
32521.0,0.0,5e-05,1e-05,2e-05,1e-05,-2e-05,0.0,1e-05,1.0
32522.0,0.0,5e-05,1e-05,2e-05,1e-05,-2e-05,0.0,1e-05,1.0
32523.0,0.0,2e-05,6e-05,1e-05,2e-05,2e-05,0.0,2e-05,1.0
32524.0,-3e-05,-6e-05,-1e-05,-2e-05,-2e-05,-1e-05,-1e-05,-1e-05,1.0
32525.0,-3e-05,-6e-05,-1e-05,-2e-05,-2e-05,-1e-05,-1e-05,-1e-05,1.0
32526.0,-3e-05,-6e-05,-1e-05,-2e-05,-2e-05,-1e-05,-1e-05,-1e-05,1.0
32527.0,-3e-05,-6e-05,-1e-05,-2e-05,-2e-05,-1e-05,-1e-05,-1e-05,1.0
32528.0,-3e-05,-6e-05,-1e-05,-2e-05,-2e-05,-1e-05,-1e-05,-1e-05,1.0
32529.0,-3e-05,-6e-05,-1e-05,-2e-05,-2e-05,-1e-05,-1e-05,-1e-05,1.0
32530.0,-3e-05,-6e-05,-1e-05,-2e-05,-2e-05,-1e-05,-1e-05,-1e-05,1.0
32531.0,-3e-05,-6e-05,-1e-05,-2e-05,-2e-05,-1e-05,-1e-05,-1e-05,1.0
32532.0,-3e-05,-6e-05,-1e-05,-2e-05,-2e-05,-1e-05,-1e-05,-1e-05,1.0
32533.0,-3e-05,-6e-05,-1e-05,-2e-05,-2e-05,-1e-05,-1e-05,-1e-05,1.0
32534.0,-3e-05,-6e-05,-1e-05,-2e-05,-2e-05,-1e-05,-1e-05,-1e-05,1.0
32535.0,1e-05,-1e-05,0.0,-1e-05,-1e-05,-2e-05,-1e-05,-1e-05,1.0
32536.0,1e-05,-1e-05,0.0,-1e-05,-1e-05,-2e-05,-1e-05,-1e-05,1.0
32538.0,1e-05,-1e-05,0.0,-1e-05,-1e-05,-2e-05,-1e-05,-1e-05,1.0
32539.0,1e-05,-1e-05,0.0,-1e-05,-1e-05,-2e-05,-1e-05,-1e-05,1.0
32540.0,1e-05,-1e-05,0.0,-1e-05,-1e-05,-2e-05,-1e-05,-1e-05,1.0
32541.0,1e-05,-1e-05,0.0,-1e-05,-1e-05,-2e-05,-1e-05,-1e-05,1.0
32542.0,1e-05,-1e-05,0.0,-1e-05,-1e-05,-2e-05,-1e-05,-1e-05,1.0
32543.0,1e-05,-1e-05,0.0,-1e-05,-1e-05,-2e-05,-1e-05,-1e-05,1.0
32544.0,0.0,1e-05,2e-05,-2e-05,1e-05,-1e-05,0.0,-1e-05,1.0
32545.0,-2e-05,-2e-05,-3e-05,-2e-05,-2e-05,-1e-05,-1e-05,-2e-05,1.0
32546.0,-2e-05,-2e-05,-3e-05,-2e-05,-2e-05,-1e-05,-1e-05,-2e-05,1.0
32547.0,-2e-05,-2e-05,-3e-05,-2e-05,-2e-05,-1e-05,-1e-05,-2e-05,1.0
32548.0,-2e-05,-2e-05,-3e-05,-2e-05,-2e-05,-1e-05,-1e-05,-2e-05,1.0
32549.0,-2e-05,-2e-05,-3e-05,-2e-05,-2e-05,-1e-05,-1e-05,-2e-05,1.0
32550.0,-2e-05,-2e-05,-3e-05,-2e-05,-2e-05,-1e-05,-1e-05,-2e-05,1.0
32551.0,-2e-05,-2e-05,-3e-05,-2e-05,-2e-05,-1e-05,-1e-05,-2e-05,1.0
32552.0,-2e-05,-2e-05,-3e-05,-2e-05,-2e-05,-1e-05,-1e-05,-2e-05,1.0
32553.0,-2e-05,-2e-05,-3e-05,-2e-05,-2e-05,-1e-05,-1e-05,-2e-05,1.0
32554.0,-2e-05,-2e-05,-3e-05,-2e-05,-2e-05,-1e-05,-1e-05,-2e-05,1.0
32555.0,-2e-05,-2e-05,-3e-05,-2e-05,-2e-05,-1e-05,-1e-05,-2e-05,1.0
32556.0,-2e-05,-2e-05,-3e-05,-2e-05,-2e-05,-1e-05,-1e-05,-2e-05,1.0
32557.0,0.0,1e-05,-1e-05,-1e-05,0.0,0.0,0.0,-1e-05,1.0
32558.0,0.0,1e-05,-1e-05,-1e-05,0.0,0.0,0.0,-1e-05,1.0
32559.0,0.0,1e-05,-1e-05,-1e-05,0.0,0.0,0.0,-1e-05,1.0
32560.0,0.0,1e-05,-1e-05,-1e-05,0.0,0.0,0.0,-1e-05,1.0
32562.0,0.0,1e-05,-1e-05,-1e-05,0.0,0.0,0.0,-1e-05,1.0
32564.0,0.0,1e-05,-1e-05,-1e-05,0.0,0.0,0.0,-1e-05,1.0
32565.0,0.0,1e-05,-1e-05,-1e-05,0.0,0.0,0.0,-1e-05,1.0
32566.0,0.0,0.0,7e-05,2e-05,-1e-05,-2e-05,0.0,-1e-05,1.0
32567.0,0.0,0.0,7e-05,2e-05,-1e-05,-2e-05,0.0,-1e-05,1.0
32568.0,0.0,0.0,7e-05,2e-05,-1e-05,-2e-05,0.0,-1e-05,1.0
32569.0,0.0,0.0,7e-05,2e-05,-1e-05,-2e-05,0.0,-1e-05,1.0
32570.0,0.0,0.0,7e-05,2e-05,-1e-05,-2e-05,0.0,-1e-05,1.0
32571.0,0.0,0.0,7e-05,2e-05,-1e-05,-2e-05,0.0,-1e-05,1.0
32572.0,0.0,0.0,7e-05,2e-05,-1e-05,-2e-05,0.0,-1e-05,1.0
32573.0,0.0,0.0,7e-05,2e-05,-1e-05,-2e-05,0.0,-1e-05,1.0
32574.0,0.0,0.0,7e-05,2e-05,-1e-05,-2e-05,0.0,-1e-05,1.0
32575.0,0.0,0.0,7e-05,2e-05,-1e-05,-2e-05,0.0,-1e-05,1.0
32576.0,0.0,0.0,7e-05,2e-05,-1e-05,-2e-05,0.0,-1e-05,1.0
32577.0,0.0,0.0,7e-05,2e-05,-1e-05,-2e-05,0.0,-1e-05,1.0
32578.0,0.0,0.0,7e-05,2e-05,-1e-05,-2e-05,0.0,-1e-05,1.0
32579.0,0.0,0.0,7e-05,2e-05,-1e-05,-2e-05,0.0,-1e-05,1.0
32580.0,0.0,0.0,7e-05,2e-05,-1e-05,-2e-05,0.0,-1e-05,1.0
32581.0,-3e-05,-5e-05,-3e-05,-1e-05,1e-05,0.0,0.0,-1e-05,1.0
32582.0,-2e-05,0.0,0.0,0.0,-1e-05,0.0,-2e-05,-1e-05,1.0
32583.0,-2e-05,0.0,0.0,0.0,-1e-05,0.0,-2e-05,-1e-05,1.0
32584.0,-2e-05,0.0,0.0,0.0,-1e-05,0.0,-2e-05,-1e-05,1.0
32585.0,-2e-05,0.0,0.0,0.0,-1e-05,0.0,-2e-05,-1e-05,1.0
32586.0,-2e-05,0.0,0.0,0.0,-1e-05,0.0,-2e-05,-1e-05,1.0
32588.0,-2e-05,0.0,0.0,0.0,-1e-05,0.0,-2e-05,-1e-05,1.0
32589.0,-2e-05,0.0,0.0,0.0,-1e-05,0.0,-2e-05,-1e-05,1.0
32590.0,-2e-05,0.0,0.0,0.0,-1e-05,0.0,-2e-05,-1e-05,1.0
32591.0,-2e-05,0.0,0.0,0.0,-1e-05,0.0,-2e-05,-1e-05,1.0
32592.0,-2e-05,0.0,0.0,0.0,-1e-05,0.0,-2e-05,-1e-05,1.0
32593.0,-2e-05,0.0,0.0,0.0,-1e-05,0.0,-2e-05,-1e-05,1.0
32594.0,-2e-05,0.0,0.0,0.0,-1e-05,0.0,-2e-05,-1e-05,1.0
32595.0,-2e-05,0.0,0.0,0.0,-1e-05,0.0,-2e-05,-1e-05,1.0
32596.0,0.0,1e-05,-4e-05,0.0,-1e-05,-1e-05,-1e-05,-1e-05,1.0
32597.0,-2e-05,-3e-05,3e-05,2e-05,-1e-05,-1e-05,-1e-05,-1e-05,1.0
32598.0,0.0,-4e-05,-5e-05,-2e-05,0.0,-2e-05,-1e-05,-1e-05,1.0
32599.0,0.0,-4e-05,-5e-05,-2e-05,0.0,-2e-05,-1e-05,-1e-05,1.0
32600.0,0.0,-4e-05,-5e-05,-2e-05,0.0,-2e-05,-1e-05,-1e-05,1.0
32601.0,0.0,-4e-05,-5e-05,-2e-05,0.0,-2e-05,-1e-05,-1e-05,1.0
32602.0,0.0,-4e-05,-5e-05,-2e-05,0.0,-2e-05,-1e-05,-1e-05,1.0
32603.0,0.0,-4e-05,-5e-05,-2e-05,0.0,-2e-05,-1e-05,-1e-05,1.0
32604.0,0.0,-4e-05,-5e-05,-2e-05,0.0,-2e-05,-1e-05,-1e-05,1.0
32605.0,0.0,-4e-05,-5e-05,-2e-05,0.0,-2e-05,-1e-05,-1e-05,1.0
32606.0,0.0,-4e-05,-5e-05,-2e-05,0.0,-2e-05,-1e-05,-1e-05,1.0
32607.0,0.0,-4e-05,-5e-05,-2e-05,0.0,-2e-05,-1e-05,-1e-05,1.0
32608.0,0.0,-4e-05,-5e-05,-2e-05,0.0,-2e-05,-1e-05,-1e-05,1.0
32609.0,0.0,-4e-05,-5e-05,-2e-05,0.0,-2e-05,-1e-05,-1e-05,1.0
32610.0,0.0,-4e-05,-5e-05,-2e-05,0.0,-2e-05,-1e-05,-1e-05,1.0
32611.0,0.0,-4e-05,-5e-05,-2e-05,0.0,-2e-05,-1e-05,-1e-05,1.0
32612.0,1e-05,0.0,4e-05,2e-05,0.0,-2e-05,0.0,2e-05,1.0
32613.0,-5e-05,-5e-05,-0.00014,-7e-05,-3e-05,-2e-05,-1e-05,-2e-05,1.0
32614.0,-5e-05,-5e-05,-0.00014,-7e-05,-3e-05,-2e-05,-1e-05,-2e-05,1.0
32615.0,-5e-05,-5e-05,-0.00014,-7e-05,-3e-05,-2e-05,-1e-05,-2e-05,1.0
32616.0,-5e-05,-5e-05,-0.00014,-7e-05,-3e-05,-2e-05,-1e-05,-2e-05,1.0
32618.0,-5e-05,-5e-05,-0.00014,-7e-05,-3e-05,-2e-05,-1e-05,-2e-05,1.0
32619.0,-5e-05,-5e-05,-0.00014,-7e-05,-3e-05,-2e-05,-1e-05,-2e-05,1.0
32620.0,-5e-05,-5e-05,-0.00014,-7e-05,-3e-05,-2e-05,-1e-05,-2e-05,1.0
32621.0,-5e-05,-5e-05,-0.00014,-7e-05,-3e-05,-2e-05,-1e-05,-2e-05,1.0
32622.0,-5e-05,-5e-05,-0.00014,-7e-05,-3e-05,-2e-05,-1e-05,-2e-05,1.0
32623.0,-5e-05,-5e-05,-0.00014,-7e-05,-3e-05,-2e-05,-1e-05,-2e-05,1.0
32624.0,-5e-05,-5e-05,-0.00014,-7e-05,-3e-05,-2e-05,-1e-05,-2e-05,1.0
32625.0,-5e-05,-5e-05,-0.00014,-7e-05,-3e-05,-2e-05,-1e-05,-2e-05,1.0
32626.0,-5e-05,-5e-05,-0.00014,-7e-05,-3e-05,-2e-05,-1e-05,-2e-05,1.0
32627.0,-5e-05,-5e-05,-0.00014,-7e-05,-3e-05,-2e-05,-1e-05,-2e-05,1.0
32628.0,-5e-05,-5e-05,-0.00014,-7e-05,-3e-05,-2e-05,-1e-05,-2e-05,1.0
32629.0,-5e-05,-5e-05,-0.00014,-7e-05,-3e-05,-2e-05,-1e-05,-2e-05,1.0
32630.0,-5e-05,-5e-05,-0.00014,-7e-05,-3e-05,-2e-05,-1e-05,-2e-05,1.0
32631.0,-5e-05,-5e-05,-0.00014,-7e-05,-3e-05,-2e-05,-1e-05,-2e-05,1.0
32632.0,-5e-05,-5e-05,-0.00014,-7e-05,-3e-05,-2e-05,-1e-05,-2e-05,1.0
32634.0,-5e-05,-5e-05,-0.00014,-7e-05,-3e-05,-2e-05,-1e-05,-2e-05,1.0
32635.0,-1e-05,5e-05,-4e-05,0.0,1e-05,-1e-05,-2e-05,-2e-05,1.0
32636.0,-1e-05,5e-05,-4e-05,0.0,1e-05,-1e-05,-2e-05,-2e-05,1.0
32638.0,-1e-05,5e-05,-4e-05,0.0,1e-05,-1e-05,-2e-05,-2e-05,1.0
32639.0,-1e-05,5e-05,-4e-05,0.0,1e-05,-1e-05,-2e-05,-2e-05,1.0
32640.0,-1e-05,5e-05,-4e-05,0.0,1e-05,-1e-05,-2e-05,-2e-05,1.0
32641.0,-1e-05,5e-05,-4e-05,0.0,1e-05,-1e-05,-2e-05,-2e-05,1.0
32642.0,-1e-05,5e-05,-4e-05,0.0,1e-05,-1e-05,-2e-05,-2e-05,1.0
32643.0,-1e-05,5e-05,-4e-05,0.0,1e-05,-1e-05,-2e-05,-2e-05,1.0
32644.0,-1e-05,5e-05,-4e-05,0.0,1e-05,-1e-05,-2e-05,-2e-05,1.0
32645.0,-1e-05,5e-05,-4e-05,0.0,1e-05,-1e-05,-2e-05,-2e-05,1.0
32646.0,-1e-05,5e-05,-4e-05,0.0,1e-05,-1e-05,-2e-05,-2e-05,1.0
32647.0,-1e-05,5e-05,-4e-05,0.0,1e-05,-1e-05,-2e-05,-2e-05,1.0
32648.0,3e-05,4e-05,0.00015,9e-05,2e-05,2e-05,1e-05,1e-05,1.0
32649.0,0.0,-1e-05,-3e-05,-2e-05,-2e-05,-2e-05,-1e-05,-2e-05,1.0
32650.0,0.0,-1e-05,-3e-05,-2e-05,-2e-05,-2e-05,-1e-05,-2e-05,1.0
32651.0,0.0,-1e-05,-3e-05,-2e-05,-2e-05,-2e-05,-1e-05,-2e-05,1.0
32652.0,0.0,-1e-05,-3e-05,-2e-05,-2e-05,-2e-05,-1e-05,-2e-05,1.0
32653.0,0.0,-1e-05,-3e-05,-2e-05,-2e-05,-2e-05,-1e-05,-2e-05,1.0
32654.0,0.0,-1e-05,-3e-05,-2e-05,-2e-05,-2e-05,-1e-05,-2e-05,1.0
32655.0,0.0,-1e-05,-3e-05,-2e-05,-2e-05,-2e-05,-1e-05,-2e-05,1.0
32656.0,0.0,-1e-05,-3e-05,-2e-05,-2e-05,-2e-05,-1e-05,-2e-05,1.0
32657.0,0.0,-1e-05,-3e-05,-2e-05,-2e-05,-2e-05,-1e-05,-2e-05,1.0
32658.0,0.0,-1e-05,-3e-05,-2e-05,-2e-05,-2e-05,-1e-05,-2e-05,1.0
32659.0,0.0,-1e-05,-3e-05,-2e-05,-2e-05,-2e-05,-1e-05,-2e-05,1.0
32660.0,0.0,-1e-05,-3e-05,-2e-05,-2e-05,-2e-05,-1e-05,-2e-05,1.0
32661.0,0.0,-1e-05,-3e-05,-2e-05,-2e-05,-2e-05,-1e-05,-2e-05,1.0
32662.0,0.0,-1e-05,-3e-05,-2e-05,-2e-05,-2e-05,-1e-05,-2e-05,1.0
32663.0,0.0,-1e-05,-3e-05,-2e-05,-2e-05,-2e-05,-1e-05,-2e-05,1.0
32664.0,0.0,-1e-05,-3e-05,-2e-05,-2e-05,-2e-05,-1e-05,-2e-05,1.0
32665.0,0.0,-1e-05,-3e-05,-2e-05,-2e-05,-2e-05,-1e-05,-2e-05,1.0
32666.0,0.0,-1e-05,-3e-05,-2e-05,-2e-05,-2e-05,-1e-05,-2e-05,1.0
32667.0,0.0,-1e-05,-3e-05,-2e-05,-2e-05,-2e-05,-1e-05,-2e-05,1.0
32668.0,0.0,-1e-05,-3e-05,-2e-05,-2e-05,-2e-05,-1e-05,-2e-05,1.0
32669.0,0.0,-1e-05,-3e-05,-2e-05,-2e-05,-2e-05,-1e-05,-2e-05,1.0
32670.0,0.0,-1e-05,-3e-05,-2e-05,-2e-05,-2e-05,-1e-05,-2e-05,1.0
32671.0,0.0,-1e-05,-3e-05,-2e-05,-2e-05,-2e-05,-1e-05,-2e-05,1.0
32672.0,0.0,-1e-05,-3e-05,-2e-05,-2e-05,-2e-05,-1e-05,-2e-05,1.0
32674.0,0.0,-1e-05,-3e-05,-2e-05,-2e-05,-2e-05,-1e-05,-2e-05,1.0
32675.0,0.0,-1e-05,-3e-05,-2e-05,-2e-05,-2e-05,-1e-05,-2e-05,1.0
32676.0,0.0,-1e-05,-3e-05,-2e-05,-2e-05,-2e-05,-1e-05,-2e-05,1.0
32677.0,0.0,-1e-05,-3e-05,-2e-05,-2e-05,-2e-05,-1e-05,-2e-05,1.0
32678.0,0.0,-1e-05,-3e-05,-2e-05,-2e-05,-2e-05,-1e-05,-2e-05,1.0
32679.0,0.0,-1e-05,-3e-05,-2e-05,-2e-05,-2e-05,-1e-05,-2e-05,1.0
32680.0,0.0,-1e-05,-3e-05,-2e-05,-2e-05,-2e-05,-1e-05,-2e-05,1.0
32681.0,0.0,-1e-05,-3e-05,-2e-05,-2e-05,-2e-05,-1e-05,-2e-05,1.0
32682.0,0.0,-1e-05,-3e-05,-2e-05,-2e-05,-2e-05,-1e-05,-2e-05,1.0
32684.0,0.0,-1e-05,-3e-05,-2e-05,-2e-05,-2e-05,-1e-05,-2e-05,1.0
32685.0,0.0,-1e-05,-3e-05,-2e-05,-2e-05,-2e-05,-1e-05,-2e-05,1.0
32686.0,0.0,-1e-05,-3e-05,-2e-05,-2e-05,-2e-05,-1e-05,-2e-05,1.0
32688.0,0.0,-1e-05,-3e-05,-2e-05,-2e-05,-2e-05,-1e-05,-2e-05,1.0
32689.0,0.0,-1e-05,-3e-05,-2e-05,-2e-05,-2e-05,-1e-05,-2e-05,1.0
32690.0,0.0,-1e-05,-3e-05,-2e-05,-2e-05,-2e-05,-1e-05,-2e-05,1.0
32691.0,0.0,-1e-05,-3e-05,-2e-05,-2e-05,-2e-05,-1e-05,-2e-05,1.0
32692.0,0.0,-1e-05,-3e-05,-2e-05,-2e-05,-2e-05,-1e-05,-2e-05,1.0
32693.0,0.0,-1e-05,-3e-05,-2e-05,-2e-05,-2e-05,-1e-05,-2e-05,1.0
32694.0,0.0,-1e-05,-3e-05,-2e-05,-2e-05,-2e-05,-1e-05,-2e-05,1.0
32695.0,0.0,-1e-05,-3e-05,-2e-05,-2e-05,-2e-05,-1e-05,-2e-05,1.0
32696.0,0.0,-1e-05,-3e-05,-2e-05,-2e-05,-2e-05,-1e-05,-2e-05,1.0
32697.0,0.0,-1e-05,-3e-05,-2e-05,-2e-05,-2e-05,-1e-05,-2e-05,1.0
32698.0,0.0,-1e-05,-3e-05,-2e-05,-2e-05,-2e-05,-1e-05,-2e-05,1.0
32699.0,0.0,-1e-05,-3e-05,-2e-05,-2e-05,-2e-05,-1e-05,-2e-05,1.0
32700.0,0.0,-1e-05,-3e-05,-2e-05,-2e-05,-2e-05,-1e-05,-2e-05,1.0
32701.0,0.0,-1e-05,-3e-05,-2e-05,-2e-05,-2e-05,-1e-05,-2e-05,1.0
32702.0,0.0,-1e-05,-3e-05,-2e-05,-2e-05,-2e-05,-1e-05,-2e-05,1.0
32703.0,0.0,-1e-05,-3e-05,-2e-05,-2e-05,-2e-05,-1e-05,-2e-05,1.0
32704.0,0.0,-1e-05,-3e-05,-2e-05,-2e-05,-2e-05,-1e-05,-2e-05,1.0
32705.0,0.0,-1e-05,-3e-05,-2e-05,-2e-05,-2e-05,-1e-05,-2e-05,1.0
32706.0,0.0,-1e-05,-3e-05,-2e-05,-2e-05,-2e-05,-1e-05,-2e-05,1.0
32707.0,0.0,-1e-05,-3e-05,-2e-05,-2e-05,-2e-05,-1e-05,-2e-05,1.0
32708.0,0.0,-1e-05,-3e-05,-2e-05,-2e-05,-2e-05,-1e-05,-2e-05,1.0
32709.0,0.0,-1e-05,-3e-05,-2e-05,-2e-05,-2e-05,-1e-05,-2e-05,1.0
32710.0,0.0,-1e-05,-3e-05,-2e-05,-2e-05,-2e-05,-1e-05,-2e-05,1.0
32711.0,0.0,-1e-05,-3e-05,-2e-05,-2e-05,-2e-05,-1e-05,-2e-05,1.0
32712.0,-2e-05,-2e-05,-7e-05,-5e-05,-4e-05,-1e-05,-1e-05,0.0,1.0
32713.0,-1e-05,2e-05,0.0,0.0,-1e-05,-2e-05,-2e-05,-1e-05,1.0
32714.0,-1e-05,2e-05,0.0,0.0,-1e-05,-2e-05,-2e-05,-1e-05,1.0
32715.0,-1e-05,2e-05,0.0,0.0,-1e-05,-2e-05,-2e-05,-1e-05,1.0
32716.0,-1e-05,2e-05,0.0,0.0,-1e-05,-2e-05,-2e-05,-1e-05,1.0
32717.0,-1e-05,2e-05,0.0,0.0,-1e-05,-2e-05,-2e-05,-1e-05,1.0
32718.0,-1e-05,2e-05,0.0,0.0,-1e-05,-2e-05,-2e-05,-1e-05,1.0
32719.0,-1e-05,2e-05,0.0,0.0,-1e-05,-2e-05,-2e-05,-1e-05,1.0
32720.0,-1e-05,2e-05,0.0,0.0,-1e-05,-2e-05,-2e-05,-1e-05,1.0
32721.0,-1e-05,2e-05,0.0,0.0,-1e-05,-2e-05,-2e-05,-1e-05,1.0
32722.0,-1e-05,2e-05,0.0,0.0,-1e-05,-2e-05,-2e-05,-1e-05,1.0
32723.0,-1e-05,2e-05,0.0,0.0,-1e-05,-2e-05,-2e-05,-1e-05,1.0
32724.0,-1e-05,2e-05,0.0,0.0,-1e-05,-2e-05,-2e-05,-1e-05,1.0
32725.0,-1e-05,2e-05,0.0,0.0,-1e-05,-2e-05,-2e-05,-1e-05,1.0
32726.0,-1e-05,2e-05,0.0,0.0,-1e-05,-2e-05,-2e-05,-1e-05,1.0
32727.0,-1e-05,2e-05,0.0,0.0,-1e-05,-2e-05,-2e-05,-1e-05,1.0
32728.0,-1e-05,2e-05,0.0,0.0,-1e-05,-2e-05,-2e-05,-1e-05,1.0
32729.0,-1e-05,2e-05,0.0,0.0,-1e-05,-2e-05,-2e-05,-1e-05,1.0
32730.0,-1e-05,2e-05,0.0,0.0,-1e-05,-2e-05,-2e-05,-1e-05,1.0
32731.0,-1e-05,2e-05,0.0,0.0,-1e-05,-2e-05,-2e-05,-1e-05,1.0
32732.0,-1e-05,2e-05,0.0,0.0,-1e-05,-2e-05,-2e-05,-1e-05,1.0
32733.0,-1e-05,2e-05,0.0,0.0,-1e-05,-2e-05,-2e-05,-1e-05,1.0
32734.0,-1e-05,2e-05,0.0,0.0,-1e-05,-2e-05,-2e-05,-1e-05,1.0
32735.0,-1e-05,2e-05,0.0,0.0,-1e-05,-2e-05,-2e-05,-1e-05,1.0
32736.0,-1e-05,2e-05,0.0,0.0,-1e-05,-2e-05,-2e-05,-1e-05,1.0
32738.0,-1e-05,2e-05,0.0,0.0,-1e-05,-2e-05,-2e-05,-1e-05,1.0
32740.0,-1e-05,2e-05,0.0,0.0,-1e-05,-2e-05,-2e-05,-1e-05,1.0
32741.0,-1e-05,2e-05,0.0,0.0,-1e-05,-2e-05,-2e-05,-1e-05,1.0
32742.0,-1e-05,2e-05,0.0,0.0,-1e-05,-2e-05,-2e-05,-1e-05,1.0
32743.0,-1e-05,2e-05,0.0,0.0,-1e-05,-2e-05,-2e-05,-1e-05,1.0
32744.0,-1e-05,2e-05,0.0,0.0,-1e-05,-2e-05,-2e-05,-1e-05,1.0
32745.0,-1e-05,2e-05,0.0,0.0,-1e-05,-2e-05,-2e-05,-1e-05,1.0
32746.0,-1e-05,2e-05,0.0,0.0,-1e-05,-2e-05,-2e-05,-1e-05,1.0
32747.0,-1e-05,2e-05,0.0,0.0,-1e-05,-2e-05,-2e-05,-1e-05,1.0
32748.0,-1e-05,2e-05,0.0,0.0,-1e-05,-2e-05,-2e-05,-1e-05,1.0
32749.0,-1e-05,2e-05,0.0,0.0,-1e-05,-2e-05,-2e-05,-1e-05,1.0
32750.0,-1e-05,2e-05,0.0,0.0,-1e-05,-2e-05,-2e-05,-1e-05,1.0
32751.0,-1e-05,2e-05,0.0,0.0,-1e-05,-2e-05,-2e-05,-1e-05,1.0
32752.0,-1e-05,2e-05,0.0,0.0,-1e-05,-2e-05,-2e-05,-1e-05,1.0
32753.0,-1e-05,2e-05,0.0,0.0,-1e-05,-2e-05,-2e-05,-1e-05,1.0
32754.0,-1e-05,2e-05,0.0,0.0,-1e-05,-2e-05,-2e-05,-1e-05,1.0
32755.0,-1e-05,2e-05,0.0,0.0,-1e-05,-2e-05,-2e-05,-1e-05,1.0
32756.0,-1e-05,2e-05,0.0,0.0,-1e-05,-2e-05,-2e-05,-1e-05,1.0
32757.0,-1e-05,2e-05,0.0,0.0,-1e-05,-2e-05,-2e-05,-1e-05,1.0
32758.0,-1e-05,2e-05,0.0,0.0,-1e-05,-2e-05,-2e-05,-1e-05,1.0
32759.0,-1e-05,2e-05,0.0,0.0,-1e-05,-2e-05,-2e-05,-1e-05,1.0
32760.0,-1e-05,2e-05,0.0,0.0,-1e-05,-2e-05,-2e-05,-1e-05,1.0
32761.0,-1e-05,2e-05,0.0,0.0,-1e-05,-2e-05,-2e-05,-1e-05,1.0
32762.0,-1e-05,2e-05,0.0,0.0,-1e-05,-2e-05,-2e-05,-1e-05,1.0
32764.0,-1e-05,2e-05,0.0,0.0,-1e-05,-2e-05,-2e-05,-1e-05,1.0
32765.0,-1e-05,2e-05,0.0,0.0,-1e-05,-2e-05,-2e-05,-1e-05,1.0
32766.0,-1e-05,2e-05,0.0,0.0,-1e-05,-2e-05,-2e-05,-1e-05,1.0
32767.0,-1e-05,2e-05,0.0,0.0,-1e-05,-2e-05,-2e-05,-1e-05,1.0
32768.0,-1e-05,2e-05,0.0,0.0,-1e-05,-2e-05,-2e-05,-1e-05,1.0
32769.0,-1e-05,2e-05,0.0,0.0,-1e-05,-2e-05,-2e-05,-1e-05,1.0
32770.0,-1e-05,2e-05,0.0,0.0,-1e-05,-2e-05,-2e-05,-1e-05,1.0
32771.0,-1e-05,2e-05,0.0,0.0,-1e-05,-2e-05,-2e-05,-1e-05,1.0
32772.0,-1e-05,2e-05,0.0,0.0,-1e-05,-2e-05,-2e-05,-1e-05,1.0
32773.0,-1e-05,2e-05,0.0,0.0,-1e-05,-2e-05,-2e-05,-1e-05,1.0
32774.0,-1e-05,2e-05,0.0,0.0,-1e-05,-2e-05,-2e-05,-1e-05,1.0
32775.0,-1e-05,2e-05,0.0,0.0,-1e-05,-2e-05,-2e-05,-1e-05,1.0
32776.0,-1e-05,2e-05,0.0,0.0,-1e-05,-2e-05,-2e-05,-1e-05,1.0
32777.0,-1e-05,2e-05,0.0,0.0,-1e-05,-2e-05,-2e-05,-1e-05,1.0
32778.0,-1e-05,2e-05,0.0,0.0,-1e-05,-2e-05,-2e-05,-1e-05,1.0
32779.0,-1e-05,2e-05,0.0,0.0,-1e-05,-2e-05,-2e-05,-1e-05,1.0
32780.0,-1e-05,2e-05,0.0,0.0,-1e-05,-2e-05,-2e-05,-1e-05,1.0
32781.0,-1e-05,2e-05,0.0,0.0,-1e-05,-2e-05,-2e-05,-1e-05,1.0
32782.0,-1e-05,2e-05,0.0,0.0,-1e-05,-2e-05,-2e-05,-1e-05,1.0
32783.0,-1e-05,2e-05,0.0,0.0,-1e-05,-2e-05,-2e-05,-1e-05,1.0
32784.0,-2e-05,-5e-05,-4e-05,-5e-05,-4e-05,-1e-05,0.0,-1e-05,1.0
32785.0,-2e-05,-5e-05,-4e-05,-5e-05,-4e-05,-1e-05,0.0,-1e-05,1.0
32786.0,-2e-05,-5e-05,-4e-05,-5e-05,-4e-05,-1e-05,0.0,-1e-05,1.0
32788.0,-2e-05,-5e-05,-4e-05,-5e-05,-4e-05,-1e-05,0.0,-1e-05,1.0
32789.0,-2e-05,-5e-05,-4e-05,-5e-05,-4e-05,-1e-05,0.0,-1e-05,1.0
32790.0,-2e-05,-5e-05,-4e-05,-5e-05,-4e-05,-1e-05,0.0,-1e-05,1.0
32791.0,-2e-05,-5e-05,-4e-05,-5e-05,-4e-05,-1e-05,0.0,-1e-05,1.0
32792.0,-2e-05,-5e-05,-4e-05,-5e-05,-4e-05,-1e-05,0.0,-1e-05,1.0
32793.0,-2e-05,-5e-05,-4e-05,-5e-05,-4e-05,-1e-05,0.0,-1e-05,1.0
32794.0,-2e-05,-5e-05,-4e-05,-5e-05,-4e-05,-1e-05,0.0,-1e-05,1.0
32795.0,-2e-05,-5e-05,-4e-05,-5e-05,-4e-05,-1e-05,0.0,-1e-05,1.0
32796.0,-2e-05,-5e-05,-4e-05,-5e-05,-4e-05,-1e-05,0.0,-1e-05,1.0
32797.0,-2e-05,-5e-05,-4e-05,-5e-05,-4e-05,-1e-05,0.0,-1e-05,1.0
32798.0,-2e-05,-5e-05,-4e-05,-5e-05,-4e-05,-1e-05,0.0,-1e-05,1.0
32799.0,-2e-05,-5e-05,-4e-05,-5e-05,-4e-05,-1e-05,0.0,-1e-05,1.0
32800.0,-2e-05,-5e-05,-4e-05,-5e-05,-4e-05,-1e-05,0.0,-1e-05,1.0
32801.0,-2e-05,-5e-05,-4e-05,-5e-05,-4e-05,-1e-05,0.0,-1e-05,1.0
32802.0,-2e-05,-5e-05,-4e-05,-5e-05,-4e-05,-1e-05,0.0,-1e-05,1.0
32803.0,-2e-05,-5e-05,-4e-05,-5e-05,-4e-05,-1e-05,0.0,-1e-05,1.0
32804.0,-2e-05,-5e-05,-4e-05,-5e-05,-4e-05,-1e-05,0.0,-1e-05,1.0
32805.0,-2e-05,-5e-05,-4e-05,-5e-05,-4e-05,-1e-05,0.0,-1e-05,1.0
32806.0,-2e-05,-5e-05,-4e-05,-5e-05,-4e-05,-1e-05,0.0,-1e-05,1.0
32807.0,-2e-05,-5e-05,-4e-05,-5e-05,-4e-05,-1e-05,0.0,-1e-05,1.0
32808.0,-2e-05,-5e-05,-4e-05,-5e-05,-4e-05,-1e-05,0.0,-1e-05,1.0
32809.0,-2e-05,-5e-05,-4e-05,-5e-05,-4e-05,-1e-05,0.0,-1e-05,1.0
32810.0,-2e-05,-5e-05,-4e-05,-5e-05,-4e-05,-1e-05,0.0,-1e-05,1.0
32811.0,-2e-05,-5e-05,-4e-05,-5e-05,-4e-05,-1e-05,0.0,-1e-05,1.0
32812.0,-2e-05,-5e-05,-4e-05,-5e-05,-4e-05,-1e-05,0.0,-1e-05,1.0
32813.0,-2e-05,-5e-05,-4e-05,-5e-05,-4e-05,-1e-05,0.0,-1e-05,1.0
32814.0,-2e-05,-5e-05,-4e-05,-5e-05,-4e-05,-1e-05,0.0,-1e-05,1.0
32815.0,-2e-05,-5e-05,-4e-05,-5e-05,-4e-05,-1e-05,0.0,-1e-05,1.0
32816.0,-2e-05,-5e-05,-4e-05,-5e-05,-4e-05,-1e-05,0.0,-1e-05,1.0
32817.0,-2e-05,-5e-05,-4e-05,-5e-05,-4e-05,-1e-05,0.0,-1e-05,1.0
32818.0,-2e-05,-5e-05,-4e-05,-5e-05,-4e-05,-1e-05,0.0,-1e-05,1.0
32819.0,-2e-05,-5e-05,-4e-05,-5e-05,-4e-05,-1e-05,0.0,-1e-05,1.0
32820.0,-2e-05,-5e-05,-4e-05,-5e-05,-4e-05,-1e-05,0.0,-1e-05,1.0
32821.0,-2e-05,-5e-05,-4e-05,-5e-05,-4e-05,-1e-05,0.0,-1e-05,1.0
32822.0,-2e-05,-5e-05,-4e-05,-5e-05,-4e-05,-1e-05,0.0,-1e-05,1.0
32823.0,-2e-05,-5e-05,-4e-05,-5e-05,-4e-05,-1e-05,0.0,-1e-05,1.0
32824.0,-2e-05,-5e-05,-4e-05,-5e-05,-4e-05,-1e-05,0.0,-1e-05,1.0
32825.0,-2e-05,-5e-05,-4e-05,-5e-05,-4e-05,-1e-05,0.0,-1e-05,1.0
32826.0,-2e-05,-5e-05,-4e-05,-5e-05,-4e-05,-1e-05,0.0,-1e-05,1.0
32827.0,-2e-05,-5e-05,-4e-05,-5e-05,-4e-05,-1e-05,0.0,-1e-05,1.0
32828.0,-2e-05,-5e-05,-4e-05,-5e-05,-4e-05,-1e-05,0.0,-1e-05,1.0
32829.0,-2e-05,-5e-05,-4e-05,-5e-05,-4e-05,-1e-05,0.0,-1e-05,1.0
32830.0,-2e-05,-5e-05,-4e-05,-5e-05,-4e-05,-1e-05,0.0,-1e-05,1.0
32831.0,-2e-05,-5e-05,-4e-05,-5e-05,-4e-05,-1e-05,0.0,-1e-05,1.0
32832.0,-2e-05,-5e-05,-4e-05,-5e-05,-4e-05,-1e-05,0.0,-1e-05,1.0
32833.0,-2e-05,-5e-05,-4e-05,-5e-05,-4e-05,-1e-05,0.0,-1e-05,1.0
32834.0,-2e-05,-5e-05,-4e-05,-5e-05,-4e-05,-1e-05,0.0,-1e-05,1.0
32835.0,-2e-05,-5e-05,-4e-05,-5e-05,-4e-05,-1e-05,0.0,-1e-05,1.0
32836.0,-1e-05,-2e-05,1e-05,1e-05,-1e-05,0.0,0.0,0.0,1.0
32838.0,-1e-05,-2e-05,1e-05,1e-05,-1e-05,0.0,0.0,0.0,1.0
32839.0,-1e-05,-2e-05,1e-05,1e-05,-1e-05,0.0,0.0,0.0,1.0
32840.0,-1e-05,-2e-05,1e-05,1e-05,-1e-05,0.0,0.0,0.0,1.0
32841.0,-1e-05,-2e-05,1e-05,1e-05,-1e-05,0.0,0.0,0.0,1.0
32842.0,-1e-05,-2e-05,1e-05,1e-05,-1e-05,0.0,0.0,0.0,1.0
32843.0,-1e-05,-2e-05,1e-05,1e-05,-1e-05,0.0,0.0,0.0,1.0
32844.0,-1e-05,-2e-05,1e-05,1e-05,-1e-05,0.0,0.0,0.0,1.0
32845.0,-1e-05,-2e-05,1e-05,1e-05,-1e-05,0.0,0.0,0.0,1.0
32846.0,-1e-05,-2e-05,1e-05,1e-05,-1e-05,0.0,0.0,0.0,1.0
32847.0,-1e-05,-2e-05,1e-05,1e-05,-1e-05,0.0,0.0,0.0,1.0
32848.0,-1e-05,-2e-05,1e-05,1e-05,-1e-05,0.0,0.0,0.0,1.0
32849.0,-1e-05,-2e-05,1e-05,1e-05,-1e-05,0.0,0.0,0.0,1.0
32850.0,-1e-05,-2e-05,1e-05,1e-05,-1e-05,0.0,0.0,0.0,1.0
32851.0,-1e-05,-2e-05,1e-05,1e-05,-1e-05,0.0,0.0,0.0,1.0
32852.0,-1e-05,-2e-05,1e-05,1e-05,-1e-05,0.0,0.0,0.0,1.0
32853.0,-1e-05,-2e-05,1e-05,1e-05,-1e-05,0.0,0.0,0.0,1.0
32854.0,-1e-05,-2e-05,1e-05,1e-05,-1e-05,0.0,0.0,0.0,1.0
32855.0,-1e-05,-2e-05,1e-05,1e-05,-1e-05,0.0,0.0,0.0,1.0
32856.0,-1e-05,-2e-05,1e-05,1e-05,-1e-05,0.0,0.0,0.0,1.0
32857.0,-1e-05,-2e-05,1e-05,1e-05,-1e-05,0.0,0.0,0.0,1.0
32858.0,-1e-05,-2e-05,1e-05,1e-05,-1e-05,0.0,0.0,0.0,1.0
32859.0,-1e-05,-2e-05,1e-05,1e-05,-1e-05,0.0,0.0,0.0,1.0
32860.0,-1e-05,-2e-05,1e-05,1e-05,-1e-05,0.0,0.0,0.0,1.0
32861.0,-1e-05,-2e-05,1e-05,1e-05,-1e-05,0.0,0.0,0.0,1.0
32862.0,-1e-05,-2e-05,1e-05,1e-05,-1e-05,0.0,0.0,0.0,1.0
32864.0,-1e-05,-2e-05,1e-05,1e-05,-1e-05,0.0,0.0,0.0,1.0
32865.0,-1e-05,-2e-05,1e-05,1e-05,-1e-05,0.0,0.0,0.0,1.0
32866.0,-1e-05,-2e-05,1e-05,1e-05,-1e-05,0.0,0.0,0.0,1.0
32867.0,-1e-05,-2e-05,1e-05,1e-05,-1e-05,0.0,0.0,0.0,1.0
32868.0,-1e-05,-2e-05,1e-05,1e-05,-1e-05,0.0,0.0,0.0,1.0
32869.0,-1e-05,-2e-05,1e-05,1e-05,-1e-05,0.0,0.0,0.0,1.0
32870.0,-1e-05,-2e-05,1e-05,1e-05,-1e-05,0.0,0.0,0.0,1.0
32871.0,-1e-05,-2e-05,1e-05,1e-05,-1e-05,0.0,0.0,0.0,1.0
32872.0,-1e-05,-2e-05,1e-05,1e-05,-1e-05,0.0,0.0,0.0,1.0
32874.0,-1e-05,-2e-05,1e-05,1e-05,-1e-05,0.0,0.0,0.0,1.0
32875.0,-1e-05,-2e-05,1e-05,1e-05,-1e-05,0.0,0.0,0.0,1.0
32876.0,-1e-05,-2e-05,1e-05,1e-05,-1e-05,0.0,0.0,0.0,1.0
32877.0,-1e-05,-2e-05,1e-05,1e-05,-1e-05,0.0,0.0,0.0,1.0
32878.0,-1e-05,-2e-05,1e-05,1e-05,-1e-05,0.0,0.0,0.0,1.0
32879.0,-1e-05,-2e-05,1e-05,1e-05,-1e-05,0.0,0.0,0.0,1.0
32880.0,-1e-05,-2e-05,1e-05,1e-05,-1e-05,0.0,0.0,0.0,1.0
32881.0,-1e-05,-2e-05,1e-05,1e-05,-1e-05,0.0,0.0,0.0,1.0
32882.0,-1e-05,-2e-05,1e-05,1e-05,-1e-05,0.0,0.0,0.0,1.0
32883.0,-1e-05,-2e-05,1e-05,1e-05,-1e-05,0.0,0.0,0.0,1.0
32884.0,-1e-05,-2e-05,1e-05,1e-05,-1e-05,0.0,0.0,0.0,1.0
32885.0,-1e-05,-2e-05,1e-05,1e-05,-1e-05,0.0,0.0,0.0,1.0
32886.0,-1e-05,-2e-05,1e-05,1e-05,-1e-05,0.0,0.0,0.0,1.0
32888.0,-1e-05,-2e-05,1e-05,1e-05,-1e-05,0.0,0.0,0.0,1.0
32889.0,-1e-05,-2e-05,1e-05,1e-05,-1e-05,0.0,0.0,0.0,1.0
32890.0,-1e-05,-2e-05,1e-05,1e-05,-1e-05,0.0,0.0,0.0,1.0
32891.0,-1e-05,-2e-05,1e-05,1e-05,-1e-05,0.0,0.0,0.0,1.0
32892.0,-1e-05,-2e-05,1e-05,1e-05,-1e-05,0.0,0.0,0.0,1.0
32893.0,-1e-05,-2e-05,1e-05,1e-05,-1e-05,0.0,0.0,0.0,1.0
32894.0,-1e-05,-2e-05,1e-05,1e-05,-1e-05,0.0,0.0,0.0,1.0
32895.0,-1e-05,-2e-05,1e-05,1e-05,-1e-05,0.0,0.0,0.0,1.0
32896.0,-1e-05,-2e-05,1e-05,1e-05,-1e-05,0.0,0.0,0.0,1.0
32897.0,-1e-05,-2e-05,1e-05,1e-05,-1e-05,0.0,0.0,0.0,1.0
32898.0,-1e-05,-2e-05,1e-05,1e-05,-1e-05,0.0,0.0,0.0,1.0
32899.0,-1e-05,-2e-05,1e-05,1e-05,-1e-05,0.0,0.0,0.0,1.0
32900.0,-1e-05,-2e-05,1e-05,1e-05,-1e-05,0.0,0.0,0.0,1.0
32901.0,-1e-05,-2e-05,1e-05,1e-05,-1e-05,0.0,0.0,0.0,1.0
32902.0,-1e-05,-2e-05,1e-05,1e-05,-1e-05,0.0,0.0,0.0,1.0
32904.0,-1e-05,-2e-05,1e-05,1e-05,-1e-05,0.0,0.0,0.0,1.0
32905.0,-1e-05,-2e-05,1e-05,1e-05,-1e-05,0.0,0.0,0.0,1.0
32906.0,-1e-05,-2e-05,1e-05,1e-05,-1e-05,0.0,0.0,0.0,1.0
32907.0,-1e-05,-2e-05,1e-05,1e-05,-1e-05,0.0,0.0,0.0,1.0
32908.0,-1e-05,-2e-05,1e-05,1e-05,-1e-05,0.0,0.0,0.0,1.0
32909.0,-1e-05,-2e-05,1e-05,1e-05,-1e-05,0.0,0.0,0.0,1.0
32910.0,-1e-05,-2e-05,1e-05,1e-05,-1e-05,0.0,0.0,0.0,1.0
32911.0,-1e-05,-2e-05,1e-05,1e-05,-1e-05,0.0,0.0,0.0,1.0
32912.0,-3e-05,-3e-05,-7e-05,-4e-05,-1e-05,-3e-05,-3e-05,-3e-05,1.0
32913.0,-2e-05,1e-05,6e-05,3e-05,-1e-05,1e-05,-1e-05,0.0,1.0
32914.0,-2e-05,1e-05,6e-05,3e-05,-1e-05,1e-05,-1e-05,0.0,1.0
32915.0,-2e-05,1e-05,6e-05,3e-05,-1e-05,1e-05,-1e-05,0.0,1.0
32916.0,-2e-05,1e-05,6e-05,3e-05,-1e-05,1e-05,-1e-05,0.0,1.0
32917.0,-2e-05,1e-05,6e-05,3e-05,-1e-05,1e-05,-1e-05,0.0,1.0
32918.0,-2e-05,1e-05,6e-05,3e-05,-1e-05,1e-05,-1e-05,0.0,1.0
32919.0,-2e-05,1e-05,6e-05,3e-05,-1e-05,1e-05,-1e-05,0.0,1.0
32920.0,-2e-05,1e-05,6e-05,3e-05,-1e-05,1e-05,-1e-05,0.0,1.0
32921.0,-2e-05,1e-05,6e-05,3e-05,-1e-05,1e-05,-1e-05,0.0,1.0
32922.0,-2e-05,1e-05,6e-05,3e-05,-1e-05,1e-05,-1e-05,0.0,1.0
32923.0,-2e-05,1e-05,6e-05,3e-05,-1e-05,1e-05,-1e-05,0.0,1.0
32924.0,-2e-05,1e-05,6e-05,3e-05,-1e-05,1e-05,-1e-05,0.0,1.0
32925.0,-2e-05,1e-05,6e-05,3e-05,-1e-05,1e-05,-1e-05,0.0,1.0
32926.0,-2e-05,1e-05,6e-05,3e-05,-1e-05,1e-05,-1e-05,0.0,1.0
32927.0,-2e-05,1e-05,6e-05,3e-05,-1e-05,1e-05,-1e-05,0.0,1.0
32928.0,-2e-05,1e-05,6e-05,3e-05,-1e-05,1e-05,-1e-05,0.0,1.0
32929.0,-2e-05,1e-05,6e-05,3e-05,-1e-05,1e-05,-1e-05,0.0,1.0
32930.0,-2e-05,1e-05,6e-05,3e-05,-1e-05,1e-05,-1e-05,0.0,1.0
32931.0,-2e-05,1e-05,6e-05,3e-05,-1e-05,1e-05,-1e-05,0.0,1.0
32932.0,-2e-05,1e-05,6e-05,3e-05,-1e-05,1e-05,-1e-05,0.0,1.0
32933.0,-2e-05,1e-05,6e-05,3e-05,-1e-05,1e-05,-1e-05,0.0,1.0
32934.0,-2e-05,1e-05,6e-05,3e-05,-1e-05,1e-05,-1e-05,0.0,1.0
32935.0,-2e-05,1e-05,6e-05,3e-05,-1e-05,1e-05,-1e-05,0.0,1.0
32936.0,-2e-05,1e-05,6e-05,3e-05,-1e-05,1e-05,-1e-05,0.0,1.0
32939.0,-2e-05,1e-05,6e-05,3e-05,-1e-05,1e-05,-1e-05,0.0,1.0
32940.0,-2e-05,1e-05,6e-05,3e-05,-1e-05,1e-05,-1e-05,0.0,1.0
32941.0,-2e-05,1e-05,6e-05,3e-05,-1e-05,1e-05,-1e-05,0.0,1.0
32942.0,-2e-05,1e-05,6e-05,3e-05,-1e-05,1e-05,-1e-05,0.0,1.0
32943.0,-2e-05,1e-05,6e-05,3e-05,-1e-05,1e-05,-1e-05,0.0,1.0
32944.0,-2e-05,1e-05,6e-05,3e-05,-1e-05,1e-05,-1e-05,0.0,1.0
32945.0,-2e-05,1e-05,6e-05,3e-05,-1e-05,1e-05,-1e-05,0.0,1.0
32946.0,-2e-05,1e-05,6e-05,3e-05,-1e-05,1e-05,-1e-05,0.0,1.0
32947.0,-2e-05,1e-05,6e-05,3e-05,-1e-05,1e-05,-1e-05,0.0,1.0
32948.0,-2e-05,1e-05,6e-05,3e-05,-1e-05,1e-05,-1e-05,0.0,1.0
32949.0,-2e-05,1e-05,6e-05,3e-05,-1e-05,1e-05,-1e-05,0.0,1.0
32950.0,-2e-05,1e-05,6e-05,3e-05,-1e-05,1e-05,-1e-05,0.0,1.0
32951.0,-2e-05,1e-05,6e-05,3e-05,-1e-05,1e-05,-1e-05,0.0,1.0
32952.0,-2e-05,1e-05,6e-05,3e-05,-1e-05,1e-05,-1e-05,0.0,1.0
32953.0,-2e-05,1e-05,6e-05,3e-05,-1e-05,1e-05,-1e-05,0.0,1.0
32954.0,-2e-05,1e-05,6e-05,3e-05,-1e-05,1e-05,-1e-05,0.0,1.0
32955.0,-2e-05,1e-05,6e-05,3e-05,-1e-05,1e-05,-1e-05,0.0,1.0
32956.0,-2e-05,1e-05,6e-05,3e-05,-1e-05,1e-05,-1e-05,0.0,1.0
32957.0,-2e-05,1e-05,6e-05,3e-05,-1e-05,1e-05,-1e-05,0.0,1.0
32958.0,-2e-05,1e-05,6e-05,3e-05,-1e-05,1e-05,-1e-05,0.0,1.0
32959.0,-2e-05,1e-05,6e-05,3e-05,-1e-05,1e-05,-1e-05,0.0,1.0
32960.0,-2e-05,1e-05,6e-05,3e-05,-1e-05,1e-05,-1e-05,0.0,1.0
32961.0,-2e-05,1e-05,6e-05,3e-05,-1e-05,1e-05,-1e-05,0.0,1.0
32962.0,-2e-05,1e-05,6e-05,3e-05,-1e-05,1e-05,-1e-05,0.0,1.0
32963.0,-2e-05,1e-05,6e-05,3e-05,-1e-05,1e-05,-1e-05,0.0,1.0
32964.0,-2e-05,1e-05,6e-05,3e-05,-1e-05,1e-05,-1e-05,0.0,1.0
32965.0,-2e-05,1e-05,6e-05,3e-05,-1e-05,1e-05,-1e-05,0.0,1.0
32966.0,-2e-05,1e-05,6e-05,3e-05,-1e-05,1e-05,-1e-05,0.0,1.0
32967.0,-2e-05,1e-05,6e-05,3e-05,-1e-05,1e-05,-1e-05,0.0,1.0
32968.0,-2e-05,1e-05,6e-05,3e-05,-1e-05,1e-05,-1e-05,0.0,1.0
32969.0,-2e-05,1e-05,6e-05,3e-05,-1e-05,1e-05,-1e-05,0.0,1.0
32970.0,-2e-05,1e-05,6e-05,3e-05,-1e-05,1e-05,-1e-05,0.0,1.0
32971.0,-2e-05,1e-05,6e-05,3e-05,-1e-05,1e-05,-1e-05,0.0,1.0
32972.0,-2e-05,1e-05,6e-05,3e-05,-1e-05,1e-05,-1e-05,0.0,1.0
32973.0,-2e-05,1e-05,6e-05,3e-05,-1e-05,1e-05,-1e-05,0.0,1.0
32974.0,-2e-05,1e-05,6e-05,3e-05,-1e-05,1e-05,-1e-05,0.0,1.0
32975.0,-2e-05,1e-05,6e-05,3e-05,-1e-05,1e-05,-1e-05,0.0,1.0
32976.0,-2e-05,1e-05,6e-05,3e-05,-1e-05,1e-05,-1e-05,0.0,1.0
32977.0,-2e-05,1e-05,6e-05,3e-05,-1e-05,1e-05,-1e-05,0.0,1.0
32978.0,-2e-05,1e-05,6e-05,3e-05,-1e-05,1e-05,-1e-05,0.0,1.0
32979.0,-2e-05,1e-05,6e-05,3e-05,-1e-05,1e-05,-1e-05,0.0,1.0
32980.0,-2e-05,1e-05,6e-05,3e-05,-1e-05,1e-05,-1e-05,0.0,1.0
32981.0,-2e-05,1e-05,6e-05,3e-05,-1e-05,1e-05,-1e-05,0.0,1.0
32982.0,-2e-05,1e-05,6e-05,3e-05,-1e-05,1e-05,-1e-05,0.0,1.0
32983.0,-2e-05,1e-05,6e-05,3e-05,-1e-05,1e-05,-1e-05,0.0,1.0
32984.0,-2e-05,1e-05,6e-05,3e-05,-1e-05,1e-05,-1e-05,0.0,1.0
32985.0,-2e-05,1e-05,6e-05,3e-05,-1e-05,1e-05,-1e-05,0.0,1.0
32986.0,-2e-05,1e-05,6e-05,3e-05,-1e-05,1e-05,-1e-05,0.0,1.0
32988.0,-2e-05,1e-05,6e-05,3e-05,-1e-05,1e-05,-1e-05,0.0,1.0
32989.0,-2e-05,1e-05,6e-05,3e-05,-1e-05,1e-05,-1e-05,0.0,1.0
32991.0,-2e-05,1e-05,6e-05,3e-05,-1e-05,1e-05,-1e-05,0.0,1.0
32992.0,-2e-05,1e-05,6e-05,3e-05,-1e-05,1e-05,-1e-05,0.0,1.0
32993.0,-2e-05,1e-05,6e-05,3e-05,-1e-05,1e-05,-1e-05,0.0,1.0
32994.0,-2e-05,1e-05,6e-05,3e-05,-1e-05,1e-05,-1e-05,0.0,1.0
32995.0,-2e-05,1e-05,6e-05,3e-05,-1e-05,1e-05,-1e-05,0.0,1.0
32996.0,-2e-05,1e-05,6e-05,3e-05,-1e-05,1e-05,-1e-05,0.0,1.0
32997.0,-2e-05,1e-05,6e-05,3e-05,-1e-05,1e-05,-1e-05,0.0,1.0
32998.0,-2e-05,1e-05,6e-05,3e-05,-1e-05,1e-05,-1e-05,0.0,1.0
32999.0,-2e-05,1e-05,6e-05,3e-05,-1e-05,1e-05,-1e-05,0.0,1.0
33000.0,-2e-05,1e-05,6e-05,3e-05,-1e-05,1e-05,-1e-05,0.0,1.0
33001.0,-2e-05,1e-05,6e-05,3e-05,-1e-05,1e-05,-1e-05,0.0,1.0
33002.0,-2e-05,1e-05,6e-05,3e-05,-1e-05,1e-05,-1e-05,0.0,1.0
33003.0,-2e-05,1e-05,6e-05,3e-05,-1e-05,1e-05,-1e-05,0.0,1.0
33004.0,-2e-05,1e-05,6e-05,3e-05,-1e-05,1e-05,-1e-05,0.0,1.0
33005.0,-2e-05,1e-05,6e-05,3e-05,-1e-05,1e-05,-1e-05,0.0,1.0
33006.0,-2e-05,1e-05,6e-05,3e-05,-1e-05,1e-05,-1e-05,0.0,1.0
33007.0,-2e-05,1e-05,6e-05,3e-05,-1e-05,1e-05,-1e-05,0.0,1.0
33008.0,-2e-05,1e-05,6e-05,3e-05,-1e-05,1e-05,-1e-05,0.0,1.0
33009.0,-2e-05,1e-05,6e-05,3e-05,-1e-05,1e-05,-1e-05,0.0,1.0
33010.0,-2e-05,1e-05,6e-05,3e-05,-1e-05,1e-05,-1e-05,0.0,1.0
33011.0,-2e-05,1e-05,6e-05,3e-05,-1e-05,1e-05,-1e-05,0.0,1.0
33012.0,-2e-05,1e-05,6e-05,3e-05,-1e-05,1e-05,-1e-05,0.0,1.0
33013.0,-2e-05,1e-05,6e-05,3e-05,-1e-05,1e-05,-1e-05,0.0,1.0
33014.0,-2e-05,1e-05,6e-05,3e-05,-1e-05,1e-05,-1e-05,0.0,1.0
33015.0,-2e-05,1e-05,6e-05,3e-05,-1e-05,1e-05,-1e-05,0.0,1.0
33016.0,-2e-05,1e-05,6e-05,3e-05,-1e-05,1e-05,-1e-05,0.0,1.0
33017.0,-2e-05,1e-05,6e-05,3e-05,-1e-05,1e-05,-1e-05,0.0,1.0
33018.0,-2e-05,1e-05,6e-05,3e-05,-1e-05,1e-05,-1e-05,0.0,1.0
33019.0,-2e-05,1e-05,6e-05,3e-05,-1e-05,1e-05,-1e-05,0.0,1.0
33020.0,-2e-05,1e-05,6e-05,3e-05,-1e-05,1e-05,-1e-05,0.0,1.0
33021.0,-2e-05,1e-05,6e-05,3e-05,-1e-05,1e-05,-1e-05,0.0,1.0
33022.0,-2e-05,1e-05,6e-05,3e-05,-1e-05,1e-05,-1e-05,0.0,1.0
33023.0,-2e-05,1e-05,6e-05,3e-05,-1e-05,1e-05,-1e-05,0.0,1.0
33024.0,-2e-05,1e-05,6e-05,3e-05,-1e-05,1e-05,-1e-05,0.0,1.0
33025.0,-2e-05,1e-05,6e-05,3e-05,-1e-05,1e-05,-1e-05,0.0,1.0
33026.0,-2e-05,1e-05,6e-05,3e-05,-1e-05,1e-05,-1e-05,0.0,1.0
33027.0,-2e-05,1e-05,6e-05,3e-05,-1e-05,1e-05,-1e-05,0.0,1.0
33028.0,-2e-05,1e-05,6e-05,3e-05,-1e-05,1e-05,-1e-05,0.0,1.0
33029.0,-2e-05,1e-05,6e-05,3e-05,-1e-05,1e-05,-1e-05,0.0,1.0
33030.0,-2e-05,1e-05,6e-05,3e-05,-1e-05,1e-05,-1e-05,0.0,1.0
33031.0,-2e-05,1e-05,6e-05,3e-05,-1e-05,1e-05,-1e-05,0.0,1.0
33032.0,-2e-05,1e-05,6e-05,3e-05,-1e-05,1e-05,-1e-05,0.0,1.0
33033.0,-2e-05,1e-05,6e-05,3e-05,-1e-05,1e-05,-1e-05,0.0,1.0
33034.0,-2e-05,1e-05,6e-05,3e-05,-1e-05,1e-05,-1e-05,0.0,1.0
33035.0,-2e-05,1e-05,6e-05,3e-05,-1e-05,1e-05,-1e-05,0.0,1.0
33036.0,-2e-05,1e-05,6e-05,3e-05,-1e-05,1e-05,-1e-05,0.0,1.0
33039.0,-2e-05,1e-05,6e-05,3e-05,-1e-05,1e-05,-1e-05,0.0,1.0
33040.0,-2e-05,1e-05,6e-05,3e-05,-1e-05,1e-05,-1e-05,0.0,1.0
33041.0,-2e-05,1e-05,6e-05,3e-05,-1e-05,1e-05,-1e-05,0.0,1.0
33042.0,-2e-05,1e-05,6e-05,3e-05,-1e-05,1e-05,-1e-05,0.0,1.0
33043.0,-2e-05,1e-05,6e-05,3e-05,-1e-05,1e-05,-1e-05,0.0,1.0
33044.0,-2e-05,1e-05,6e-05,3e-05,-1e-05,1e-05,-1e-05,0.0,1.0
33045.0,-2e-05,1e-05,6e-05,3e-05,-1e-05,1e-05,-1e-05,0.0,1.0
33046.0,-2e-05,1e-05,6e-05,3e-05,-1e-05,1e-05,-1e-05,0.0,1.0
33047.0,-2e-05,1e-05,6e-05,3e-05,-1e-05,1e-05,-1e-05,0.0,1.0
33048.0,-2e-05,1e-05,6e-05,3e-05,-1e-05,1e-05,-1e-05,0.0,1.0
33049.0,-2e-05,1e-05,6e-05,3e-05,-1e-05,1e-05,-1e-05,0.0,1.0
33050.0,-2e-05,1e-05,6e-05,3e-05,-1e-05,1e-05,-1e-05,0.0,1.0
33051.0,-2e-05,1e-05,6e-05,3e-05,-1e-05,1e-05,-1e-05,0.0,1.0
33052.0,-2e-05,1e-05,6e-05,3e-05,-1e-05,1e-05,-1e-05,0.0,1.0
33053.0,-2e-05,1e-05,6e-05,3e-05,-1e-05,1e-05,-1e-05,0.0,1.0
33054.0,-2e-05,1e-05,6e-05,3e-05,-1e-05,1e-05,-1e-05,0.0,1.0
33055.0,-2e-05,1e-05,6e-05,3e-05,-1e-05,1e-05,-1e-05,0.0,1.0
33056.0,-2e-05,1e-05,6e-05,3e-05,-1e-05,1e-05,-1e-05,0.0,1.0
33057.0,-2e-05,1e-05,6e-05,3e-05,-1e-05,1e-05,-1e-05,0.0,1.0
33058.0,-2e-05,1e-05,6e-05,3e-05,-1e-05,1e-05,-1e-05,0.0,1.0
33059.0,-2e-05,1e-05,6e-05,3e-05,-1e-05,1e-05,-1e-05,0.0,1.0
33060.0,-2e-05,1e-05,6e-05,3e-05,-1e-05,1e-05,-1e-05,0.0,1.0
33061.0,-2e-05,1e-05,6e-05,3e-05,-1e-05,1e-05,-1e-05,0.0,1.0
33062.0,-2e-05,1e-05,6e-05,3e-05,-1e-05,1e-05,-1e-05,0.0,1.0
33063.0,-2e-05,1e-05,6e-05,3e-05,-1e-05,1e-05,-1e-05,0.0,1.0
33064.0,2e-05,2e-05,2e-05,1e-05,0.0,0.0,-1e-05,-1e-05,1.0
33065.0,-2e-05,-4e-05,4e-05,-4e-05,-2e-05,-1e-05,0.0,-1e-05,1.0
33066.0,-2e-05,-4e-05,4e-05,-4e-05,-2e-05,-1e-05,0.0,-1e-05,1.0
33067.0,-2e-05,-4e-05,4e-05,-4e-05,-2e-05,-1e-05,0.0,-1e-05,1.0
33068.0,-2e-05,-4e-05,4e-05,-4e-05,-2e-05,-1e-05,0.0,-1e-05,1.0
33069.0,-2e-05,-4e-05,4e-05,-4e-05,-2e-05,-1e-05,0.0,-1e-05,1.0
33070.0,-2e-05,-4e-05,4e-05,-4e-05,-2e-05,-1e-05,0.0,-1e-05,1.0
33071.0,-2e-05,-4e-05,4e-05,-4e-05,-2e-05,-1e-05,0.0,-1e-05,1.0
33072.0,-2e-05,-4e-05,4e-05,-4e-05,-2e-05,-1e-05,0.0,-1e-05,1.0
33073.0,-2e-05,-4e-05,4e-05,-4e-05,-2e-05,-1e-05,0.0,-1e-05,1.0
33074.0,-2e-05,-4e-05,4e-05,-4e-05,-2e-05,-1e-05,0.0,-1e-05,1.0
33075.0,-2e-05,-4e-05,4e-05,-4e-05,-2e-05,-1e-05,0.0,-1e-05,1.0
33076.0,-2e-05,-4e-05,4e-05,-4e-05,-2e-05,-1e-05,0.0,-1e-05,1.0
33077.0,-2e-05,-4e-05,4e-05,-4e-05,-2e-05,-1e-05,0.0,-1e-05,1.0
33078.0,-2e-05,-4e-05,4e-05,-4e-05,-2e-05,-1e-05,0.0,-1e-05,1.0
33079.0,-2e-05,-4e-05,4e-05,-4e-05,-2e-05,-1e-05,0.0,-1e-05,1.0
33080.0,-2e-05,-4e-05,4e-05,-4e-05,-2e-05,-1e-05,0.0,-1e-05,1.0
33081.0,-2e-05,-4e-05,4e-05,-4e-05,-2e-05,-1e-05,0.0,-1e-05,1.0
33082.0,-2e-05,-4e-05,4e-05,-4e-05,-2e-05,-1e-05,0.0,-1e-05,1.0
33083.0,-2e-05,-4e-05,4e-05,-4e-05,-2e-05,-1e-05,0.0,-1e-05,1.0
33085.0,-2e-05,-4e-05,4e-05,-4e-05,-2e-05,-1e-05,0.0,-1e-05,1.0
33086.0,-2e-05,-4e-05,4e-05,-4e-05,-2e-05,-1e-05,0.0,-1e-05,1.0
33089.0,-2e-05,-4e-05,4e-05,-4e-05,-2e-05,-1e-05,0.0,-1e-05,1.0
33090.0,-2e-05,-4e-05,4e-05,-4e-05,-2e-05,-1e-05,0.0,-1e-05,1.0
33091.0,-2e-05,-4e-05,4e-05,-4e-05,-2e-05,-1e-05,0.0,-1e-05,1.0
33092.0,-2e-05,-4e-05,4e-05,-4e-05,-2e-05,-1e-05,0.0,-1e-05,1.0
33093.0,-2e-05,-4e-05,4e-05,-4e-05,-2e-05,-1e-05,0.0,-1e-05,1.0
33094.0,-2e-05,-4e-05,4e-05,-4e-05,-2e-05,-1e-05,0.0,-1e-05,1.0
33095.0,-2e-05,-4e-05,4e-05,-4e-05,-2e-05,-1e-05,0.0,-1e-05,1.0
33096.0,-2e-05,-4e-05,4e-05,-4e-05,-2e-05,-1e-05,0.0,-1e-05,1.0
33097.0,-2e-05,-4e-05,4e-05,-4e-05,-2e-05,-1e-05,0.0,-1e-05,1.0
33098.0,-2e-05,-4e-05,4e-05,-4e-05,-2e-05,-1e-05,0.0,-1e-05,1.0
33099.0,-2e-05,-4e-05,4e-05,-4e-05,-2e-05,-1e-05,0.0,-1e-05,1.0
33100.0,-2e-05,-4e-05,4e-05,-4e-05,-2e-05,-1e-05,0.0,-1e-05,1.0
33101.0,-2e-05,-4e-05,4e-05,-4e-05,-2e-05,-1e-05,0.0,-1e-05,1.0
33102.0,-2e-05,-4e-05,4e-05,-4e-05,-2e-05,-1e-05,0.0,-1e-05,1.0
33103.0,-2e-05,-4e-05,4e-05,-4e-05,-2e-05,-1e-05,0.0,-1e-05,1.0
33104.0,-2e-05,-4e-05,4e-05,-4e-05,-2e-05,-1e-05,0.0,-1e-05,1.0
33105.0,-2e-05,-4e-05,4e-05,-4e-05,-2e-05,-1e-05,0.0,-1e-05,1.0
33106.0,-2e-05,-4e-05,4e-05,-4e-05,-2e-05,-1e-05,0.0,-1e-05,1.0
33107.0,-2e-05,-4e-05,4e-05,-4e-05,-2e-05,-1e-05,0.0,-1e-05,1.0
33108.0,-2e-05,-4e-05,4e-05,-4e-05,-2e-05,-1e-05,0.0,-1e-05,1.0
33109.0,-2e-05,-4e-05,4e-05,-4e-05,-2e-05,-1e-05,0.0,-1e-05,1.0
33110.0,-2e-05,-4e-05,4e-05,-4e-05,-2e-05,-1e-05,0.0,-1e-05,1.0
33111.0,-2e-05,-4e-05,4e-05,-4e-05,-2e-05,-1e-05,0.0,-1e-05,1.0
33112.0,-2e-05,-4e-05,4e-05,-4e-05,-2e-05,-1e-05,0.0,-1e-05,1.0
33113.0,-2e-05,-4e-05,4e-05,-4e-05,-2e-05,-1e-05,0.0,-1e-05,1.0
33114.0,-2e-05,-4e-05,4e-05,-4e-05,-2e-05,-1e-05,0.0,-1e-05,1.0
33115.0,-2e-05,-4e-05,4e-05,-4e-05,-2e-05,-1e-05,0.0,-1e-05,1.0
33116.0,-2e-05,-4e-05,4e-05,-4e-05,-2e-05,-1e-05,0.0,-1e-05,1.0
33117.0,-2e-05,-4e-05,4e-05,-4e-05,-2e-05,-1e-05,0.0,-1e-05,1.0
33118.0,-2e-05,-4e-05,4e-05,-4e-05,-2e-05,-1e-05,0.0,-1e-05,1.0
33119.0,-2e-05,-4e-05,4e-05,-4e-05,-2e-05,-1e-05,0.0,-1e-05,1.0
33120.0,-2e-05,-4e-05,4e-05,-4e-05,-2e-05,-1e-05,0.0,-1e-05,1.0
33121.0,-2e-05,-4e-05,4e-05,-4e-05,-2e-05,-1e-05,0.0,-1e-05,1.0
33122.0,-2e-05,-4e-05,4e-05,-4e-05,-2e-05,-1e-05,0.0,-1e-05,1.0
33123.0,-2e-05,-4e-05,4e-05,-4e-05,-2e-05,-1e-05,0.0,-1e-05,1.0
33124.0,-2e-05,-4e-05,4e-05,-4e-05,-2e-05,-1e-05,0.0,-1e-05,1.0
33125.0,-2e-05,-4e-05,4e-05,-4e-05,-2e-05,-1e-05,0.0,-1e-05,1.0
33126.0,-2e-05,-4e-05,4e-05,-4e-05,-2e-05,-1e-05,0.0,-1e-05,1.0
33127.0,-2e-05,-4e-05,4e-05,-4e-05,-2e-05,-1e-05,0.0,-1e-05,1.0
33128.0,-2e-05,-4e-05,4e-05,-4e-05,-2e-05,-1e-05,0.0,-1e-05,1.0
33129.0,-2e-05,-4e-05,4e-05,-4e-05,-2e-05,-1e-05,0.0,-1e-05,1.0
33130.0,-2e-05,-4e-05,4e-05,-4e-05,-2e-05,-1e-05,0.0,-1e-05,1.0
33131.0,-2e-05,-4e-05,4e-05,-4e-05,-2e-05,-1e-05,0.0,-1e-05,1.0
33132.0,-2e-05,-4e-05,4e-05,-4e-05,-2e-05,-1e-05,0.0,-1e-05,1.0
33133.0,-2e-05,-4e-05,4e-05,-4e-05,-2e-05,-1e-05,0.0,-1e-05,1.0
33134.0,-2e-05,-4e-05,4e-05,-4e-05,-2e-05,-1e-05,0.0,-1e-05,1.0
33135.0,-2e-05,-4e-05,4e-05,-4e-05,-2e-05,-1e-05,0.0,-1e-05,1.0
33137.0,-2e-05,-4e-05,4e-05,-4e-05,-2e-05,-1e-05,0.0,-1e-05,1.0
33139.0,-2e-05,-4e-05,4e-05,-4e-05,-2e-05,-1e-05,0.0,-1e-05,1.0
33141.0,-2e-05,-4e-05,4e-05,-4e-05,-2e-05,-1e-05,0.0,-1e-05,1.0
33142.0,-2e-05,-4e-05,4e-05,-4e-05,-2e-05,-1e-05,0.0,-1e-05,1.0
33143.0,-2e-05,-4e-05,4e-05,-4e-05,-2e-05,-1e-05,0.0,-1e-05,1.0
33144.0,-2e-05,-4e-05,4e-05,-4e-05,-2e-05,-1e-05,0.0,-1e-05,1.0
33145.0,-2e-05,-4e-05,4e-05,-4e-05,-2e-05,-1e-05,0.0,-1e-05,1.0
33146.0,-2e-05,-4e-05,4e-05,-4e-05,-2e-05,-1e-05,0.0,-1e-05,1.0
33147.0,-2e-05,-4e-05,4e-05,-4e-05,-2e-05,-1e-05,0.0,-1e-05,1.0
33148.0,-2e-05,-4e-05,4e-05,-4e-05,-2e-05,-1e-05,0.0,-1e-05,1.0
33149.0,-2e-05,-4e-05,4e-05,-4e-05,-2e-05,-1e-05,0.0,-1e-05,1.0
33150.0,-2e-05,-4e-05,4e-05,-4e-05,-2e-05,-1e-05,0.0,-1e-05,1.0
33151.0,-2e-05,-4e-05,4e-05,-4e-05,-2e-05,-1e-05,0.0,-1e-05,1.0
33152.0,-2e-05,-4e-05,4e-05,-4e-05,-2e-05,-1e-05,0.0,-1e-05,1.0
33153.0,-2e-05,-4e-05,4e-05,-4e-05,-2e-05,-1e-05,0.0,-1e-05,1.0
33154.0,-2e-05,-4e-05,4e-05,-4e-05,-2e-05,-1e-05,0.0,-1e-05,1.0
33155.0,-2e-05,-4e-05,4e-05,-4e-05,-2e-05,-1e-05,0.0,-1e-05,1.0
33156.0,-2e-05,-4e-05,4e-05,-4e-05,-2e-05,-1e-05,0.0,-1e-05,1.0
33157.0,-2e-05,-4e-05,4e-05,-4e-05,-2e-05,-1e-05,0.0,-1e-05,1.0
33158.0,-2e-05,-4e-05,4e-05,-4e-05,-2e-05,-1e-05,0.0,-1e-05,1.0
33159.0,-2e-05,-4e-05,4e-05,-4e-05,-2e-05,-1e-05,0.0,-1e-05,1.0
33160.0,-2e-05,-4e-05,4e-05,-4e-05,-2e-05,-1e-05,0.0,-1e-05,1.0
33161.0,-2e-05,-4e-05,4e-05,-4e-05,-2e-05,-1e-05,0.0,-1e-05,1.0
33162.0,-2e-05,-4e-05,4e-05,-4e-05,-2e-05,-1e-05,0.0,-1e-05,1.0
33163.0,-2e-05,-4e-05,4e-05,-4e-05,-2e-05,-1e-05,0.0,-1e-05,1.0
33164.0,-2e-05,-4e-05,4e-05,-4e-05,-2e-05,-1e-05,0.0,-1e-05,1.0
33165.0,-2e-05,-4e-05,4e-05,-4e-05,-2e-05,-1e-05,0.0,-1e-05,1.0
33166.0,-2e-05,-4e-05,4e-05,-4e-05,-2e-05,-1e-05,0.0,-1e-05,1.0
33167.0,-2e-05,-4e-05,4e-05,-4e-05,-2e-05,-1e-05,0.0,-1e-05,1.0
33168.0,-3e-05,-4e-05,-2e-05,-2e-05,-1e-05,0.0,-1e-05,-1e-05,1.0
33169.0,-1e-05,-1e-05,-3e-05,-1e-05,-2e-05,-2e-05,0.0,-2e-05,1.0
33170.0,-1e-05,-1e-05,-3e-05,-1e-05,-2e-05,-2e-05,0.0,-2e-05,1.0
33171.0,-1e-05,-1e-05,-3e-05,-1e-05,-2e-05,-2e-05,0.0,-2e-05,1.0
33172.0,-1e-05,-1e-05,-3e-05,-1e-05,-2e-05,-2e-05,0.0,-2e-05,1.0
33173.0,-1e-05,-1e-05,-3e-05,-1e-05,-2e-05,-2e-05,0.0,-2e-05,1.0
33174.0,-1e-05,-1e-05,-3e-05,-1e-05,-2e-05,-2e-05,0.0,-2e-05,1.0
33175.0,-1e-05,-5e-05,-2e-05,-3e-05,-2e-05,-3e-05,-1e-05,2e-05,1.0
33176.0,0.0,-1e-05,0.0,0.0,0.0,-2e-05,-1e-05,-1e-05,1.0
33177.0,1e-05,5e-05,0.00014,3e-05,-1e-05,1e-05,0.0,2e-05,1.0
33178.0,-1e-05,-1e-05,-3e-05,-1e-05,0.0,1e-05,-1e-05,0.0,1.0
33180.0,-1e-05,-1e-05,-3e-05,-1e-05,0.0,1e-05,-1e-05,0.0,1.0
33181.0,-1e-05,-1e-05,-3e-05,-1e-05,0.0,1e-05,-1e-05,0.0,1.0
33182.0,-1e-05,-1e-05,-3e-05,-1e-05,0.0,1e-05,-1e-05,0.0,1.0
33183.0,-1e-05,-1e-05,-3e-05,-1e-05,0.0,1e-05,-1e-05,0.0,1.0
33184.0,-1e-05,-1e-05,-3e-05,-1e-05,0.0,1e-05,-1e-05,0.0,1.0
33185.0,-1e-05,-1e-05,-3e-05,-1e-05,0.0,1e-05,-1e-05,0.0,1.0
33186.0,-1e-05,-1e-05,-3e-05,-1e-05,0.0,1e-05,-1e-05,0.0,1.0
33189.0,1e-05,3e-05,4e-05,6e-05,2e-05,2e-05,-1e-05,2e-05,1.0
